試行,bh,bc,hloss,cop_shift,cool_a,defrost_f,最高の県,最高円,最安の県,最安円,倍率,札幌円,東京円,札幌_効率一定円,過小評価%,東京の順位,上位5は北海道と東北か
1,16.0,23.0,200.0,0.85,4.3,0.78,北海道,222377,宮崎県,40393,5.51,222377,71323,153041,31.2,24,はい
2,16.0,23.0,200.0,0.85,4.3,0.85,北海道,209470,宮崎県,40393,5.19,209470,71323,153041,26.9,24,はい
3,16.0,23.0,200.0,0.85,4.3,0.95,北海道,194331,宮崎県,40393,4.81,194331,71323,153041,21.2,24,はい
4,16.0,23.0,200.0,0.85,5.0,0.78,北海道,221985,宮崎県,37462,5.93,221985,67946,152649,31.2,24,はい
5,16.0,23.0,200.0,0.85,5.0,0.85,北海道,209078,宮崎県,37462,5.58,209078,67946,152649,27.0,24,はい
6,16.0,23.0,200.0,0.85,5.0,0.95,北海道,193939,宮崎県,37462,5.18,193939,67946,152649,21.3,24,はい
7,16.0,23.0,200.0,0.85,5.7,0.78,北海道,221690,鹿児島県,34904,6.35,221690,65466,152355,31.3,24,はい
8,16.0,23.0,200.0,0.85,5.7,0.85,北海道,208784,鹿児島県,34904,5.98,208784,65466,152355,27.0,24,はい
9,16.0,23.0,200.0,0.85,5.7,0.95,北海道,193645,鹿児島県,34904,5.55,193645,65466,152355,21.3,24,はい
10,16.0,23.0,200.0,1.0,4.3,0.78,北海道,189434,宮崎県,37177,5.1,189434,63937,130499,31.1,25,はい
11,16.0,23.0,200.0,1.0,4.3,0.85,北海道,178464,宮崎県,37177,4.8,178464,63937,130499,26.9,25,はい
12,16.0,23.0,200.0,1.0,4.3,0.95,北海道,165595,宮崎県,37177,4.45,165595,63937,130499,21.2,25,はい
13,16.0,23.0,200.0,1.0,5.0,0.78,北海道,189042,宮崎県,34246,5.52,189042,60559,130107,31.2,24,はい
14,16.0,23.0,200.0,1.0,5.0,0.85,北海道,178072,宮崎県,34246,5.2,178072,60559,130107,26.9,24,はい
15,16.0,23.0,200.0,1.0,5.0,0.95,北海道,165204,宮崎県,34246,4.82,165204,60559,130107,21.2,24,はい
16,16.0,23.0,200.0,1.0,5.7,0.78,北海道,188748,宮崎県,32101,5.88,188748,58079,129813,31.2,24,はい
17,16.0,23.0,200.0,1.0,5.7,0.85,北海道,177777,宮崎県,32101,5.54,177777,58079,129813,27.0,24,はい
18,16.0,23.0,200.0,1.0,5.7,0.95,北海道,164909,宮崎県,32101,5.14,164909,58079,129813,21.3,24,はい
19,16.0,23.0,200.0,1.15,4.3,0.78,北海道,165086,宮崎県,34800,4.74,165086,58477,113838,31.0,25,はい
20,16.0,23.0,200.0,1.15,4.3,0.85,北海道,155546,宮崎県,34800,4.47,155546,58477,113838,26.8,25,はい
21,16.0,23.0,200.0,1.15,4.3,0.95,北海道,144356,宮崎県,34800,4.15,144356,58477,113838,21.1,25,はい
22,16.0,23.0,200.0,1.15,5.0,0.78,北海道,164694,宮崎県,31870,5.17,164694,55100,113446,31.1,25,はい
23,16.0,23.0,200.0,1.15,5.0,0.85,北海道,155154,宮崎県,31870,4.87,155154,55100,113446,26.9,25,はい
24,16.0,23.0,200.0,1.15,5.0,0.95,北海道,143964,宮崎県,31870,4.52,143964,55100,113446,21.2,25,はい
25,16.0,23.0,200.0,1.15,5.7,0.78,北海道,164399,宮崎県,29724,5.53,164399,52619,113151,31.2,24,はい
26,16.0,23.0,200.0,1.15,5.7,0.85,北海道,154859,宮崎県,29724,5.21,154859,52619,113151,26.9,24,はい
27,16.0,23.0,200.0,1.15,5.7,0.95,北海道,143670,宮崎県,29724,4.83,143670,52619,113151,21.2,24,はい
28,16.0,23.0,234.6,0.85,4.3,0.78,北海道,260848,宮崎県,47380,5.51,260848,83662,179517,31.2,24,はい
29,16.0,23.0,234.6,0.85,4.3,0.85,北海道,245708,宮崎県,47380,5.19,245708,83662,179517,26.9,24,はい
30,16.0,23.0,234.6,0.85,4.3,0.95,北海道,227950,宮崎県,47380,4.81,227950,83662,179517,21.2,24,はい
31,16.0,23.0,234.6,0.85,5.0,0.78,北海道,260388,宮崎県,43943,5.93,260388,79701,179058,31.2,24,はい
32,16.0,23.0,234.6,0.85,5.0,0.85,北海道,245249,宮崎県,43943,5.58,245249,79701,179058,27.0,24,はい
33,16.0,23.0,234.6,0.85,5.0,0.95,北海道,227491,宮崎県,43943,5.18,227491,79701,179058,21.3,24,はい
34,16.0,23.0,234.6,0.85,5.7,0.78,北海道,260043,鹿児島県,40942,6.35,260043,76791,178712,31.3,24,はい
35,16.0,23.0,234.6,0.85,5.7,0.85,北海道,244903,鹿児島県,40942,5.98,244903,76791,178712,27.0,24,はい
36,16.0,23.0,234.6,0.85,5.7,0.95,北海道,227145,鹿児島県,40942,5.55,227145,76791,178712,21.3,24,はい
37,16.0,23.0,234.6,1.0,4.3,0.78,北海道,222207,宮崎県,43609,5.1,222207,74998,153076,31.1,25,はい
38,16.0,23.0,234.6,1.0,4.3,0.85,北海道,209338,宮崎県,43609,4.8,209338,74998,153076,26.9,25,はい
39,16.0,23.0,234.6,1.0,4.3,0.95,北海道,194243,宮崎県,43609,4.45,194243,74998,153076,21.2,25,はい
40,16.0,23.0,234.6,1.0,5.0,0.78,北海道,221747,宮崎県,40171,5.52,221747,71036,152616,31.2,24,はい
41,16.0,23.0,234.6,1.0,5.0,0.85,北海道,208878,宮崎県,40171,5.2,208878,71036,152616,26.9,24,はい
42,16.0,23.0,234.6,1.0,5.0,0.95,北海道,193784,宮崎県,40171,4.82,193784,71036,152616,21.2,24,はい
43,16.0,23.0,234.6,1.0,5.7,0.78,北海道,221401,宮崎県,37654,5.88,221401,68127,152270,31.2,24,はい
44,16.0,23.0,234.6,1.0,5.7,0.85,北海道,208533,宮崎県,37654,5.54,208533,68127,152270,27.0,24,はい
45,16.0,23.0,234.6,1.0,5.7,0.95,北海道,193438,宮崎県,37654,5.14,193438,68127,152270,21.3,24,はい
46,16.0,23.0,234.6,1.15,4.3,0.78,北海道,193645,宮崎県,40821,4.74,193645,68593,133532,31.0,25,はい
47,16.0,23.0,234.6,1.15,4.3,0.85,北海道,182455,宮崎県,40821,4.47,182455,68593,133532,26.8,25,はい
48,16.0,23.0,234.6,1.15,4.3,0.95,北海道,169330,宮崎県,40821,4.15,169330,68593,133532,21.1,25,はい
49,16.0,23.0,234.6,1.15,5.0,0.78,北海道,193186,宮崎県,37383,5.17,193186,64632,133072,31.1,25,はい
50,16.0,23.0,234.6,1.15,5.0,0.85,北海道,181995,宮崎県,37383,4.87,181995,64632,133072,26.9,25,はい
51,16.0,23.0,234.6,1.15,5.0,0.95,北海道,168870,宮崎県,37383,4.52,168870,64632,133072,21.2,25,はい
52,16.0,23.0,234.6,1.15,5.7,0.78,北海道,192840,宮崎県,34867,5.53,192840,61722,132726,31.2,24,はい
53,16.0,23.0,234.6,1.15,5.7,0.85,北海道,181650,宮崎県,34867,5.21,181650,61722,132726,26.9,24,はい
54,16.0,23.0,234.6,1.15,5.7,0.95,北海道,168525,宮崎県,34867,4.83,168525,61722,132726,21.2,24,はい
55,16.0,23.0,270.0,0.85,4.3,0.78,北海道,300209,宮崎県,54530,5.51,300209,96287,206606,31.2,24,はい
56,16.0,23.0,270.0,0.85,4.3,0.85,北海道,282784,宮崎県,54530,5.19,282784,96287,206606,26.9,24,はい
57,16.0,23.0,270.0,0.85,4.3,0.95,北海道,262347,宮崎県,54530,4.81,262347,96287,206606,21.2,24,はい
58,16.0,23.0,270.0,0.85,5.0,0.78,北海道,299680,宮崎県,50574,5.93,299680,91727,206077,31.2,24,はい
59,16.0,23.0,270.0,0.85,5.0,0.85,北海道,282255,宮崎県,50574,5.58,282255,91727,206077,27.0,24,はい
60,16.0,23.0,270.0,0.85,5.0,0.95,北海道,261818,宮崎県,50574,5.18,261818,91727,206077,21.3,24,はい
61,16.0,23.0,270.0,0.85,5.7,0.78,北海道,299282,鹿児島県,47120,6.35,299282,88379,205679,31.3,24,はい
62,16.0,23.0,270.0,0.85,5.7,0.85,北海道,281858,鹿児島県,47120,5.98,281858,88379,205679,27.0,24,はい
63,16.0,23.0,270.0,0.85,5.7,0.95,北海道,261420,鹿児島県,47120,5.55,261420,88379,205679,21.3,24,はい
64,16.0,23.0,270.0,1.0,4.3,0.78,北海道,255736,宮崎県,50189,5.1,255736,86314,176174,31.1,25,はい
65,16.0,23.0,270.0,1.0,4.3,0.85,北海道,240926,宮崎県,50189,4.8,240926,86314,176174,26.9,25,はい
66,16.0,23.0,270.0,1.0,4.3,0.95,北海道,223554,宮崎県,50189,4.45,223554,86314,176174,21.2,25,はい
67,16.0,23.0,270.0,1.0,5.0,0.78,北海道,255207,宮崎県,46233,5.52,255207,81755,175645,31.2,24,はい
68,16.0,23.0,270.0,1.0,5.0,0.85,北海道,240397,宮崎県,46233,5.2,240397,81755,175645,26.9,24,はい
69,16.0,23.0,270.0,1.0,5.0,0.95,北海道,223025,宮崎県,46233,4.82,223025,81755,175645,21.2,24,はい
70,16.0,23.0,270.0,1.0,5.7,0.78,北海道,254810,宮崎県,43336,5.88,254810,78406,175247,31.2,24,はい
71,16.0,23.0,270.0,1.0,5.7,0.85,北海道,239999,宮崎県,43336,5.54,239999,78406,175247,27.0,24,はい
72,16.0,23.0,270.0,1.0,5.7,0.95,北海道,222627,宮崎県,43336,5.14,222627,78406,175247,21.3,24,はい
73,16.0,23.0,270.0,1.15,4.3,0.78,北海道,222866,宮崎県,46980,4.74,222866,78944,153681,31.0,25,はい
74,16.0,23.0,270.0,1.15,4.3,0.85,北海道,209987,宮崎県,46980,4.47,209987,78944,153681,26.8,25,はい
75,16.0,23.0,270.0,1.15,4.3,0.95,北海道,194881,宮崎県,46980,4.15,194881,78944,153681,21.1,25,はい
76,16.0,23.0,270.0,1.15,5.0,0.78,北海道,222336,宮崎県,43024,5.17,222336,74384,153152,31.1,25,はい
77,16.0,23.0,270.0,1.15,5.0,0.85,北海道,209458,宮崎県,43024,4.87,209458,74384,153152,26.9,25,はい
78,16.0,23.0,270.0,1.15,5.0,0.95,北海道,194352,宮崎県,43024,4.52,194352,74384,153152,21.2,25,はい
79,16.0,23.0,270.0,1.15,5.7,0.78,北海道,221939,宮崎県,40128,5.53,221939,71036,152754,31.2,24,はい
80,16.0,23.0,270.0,1.15,5.7,0.85,北海道,209060,宮崎県,40128,5.21,209060,71036,152754,26.9,24,はい
81,16.0,23.0,270.0,1.15,5.7,0.95,北海道,193954,宮崎県,40128,4.83,193954,71036,152754,21.2,24,はい
82,16.0,24.0,200.0,0.85,4.3,0.78,北海道,220753,鹿児島県,36132,6.11,220753,66749,151418,31.4,24,はい
83,16.0,24.0,200.0,0.85,4.3,0.85,北海道,207846,鹿児島県,36132,5.75,207846,66749,151418,27.1,24,はい
84,16.0,24.0,200.0,0.85,4.3,0.95,北海道,192707,鹿児島県,36132,5.33,192707,66749,151418,21.4,24,はい
85,16.0,24.0,200.0,0.85,5.0,0.78,北海道,220592,鹿児島県,33185,6.65,220592,64066,151256,31.4,24,はい
86,16.0,24.0,200.0,0.85,5.0,0.85,北海道,207685,鹿児島県,33185,6.26,207685,64066,151256,27.2,24,はい
87,16.0,24.0,200.0,0.85,5.0,0.95,北海道,192546,鹿児島県,33185,5.8,192546,64066,151256,21.4,24,はい
88,16.0,24.0,200.0,0.85,5.7,0.78,北海道,220470,鹿児島県,31036,7.1,220470,62096,151135,31.4,24,はい
89,16.0,24.0,200.0,0.85,5.7,0.85,北海道,207564,鹿児島県,31036,6.69,207564,62096,151135,27.2,24,はい
90,16.0,24.0,200.0,0.85,5.7,0.95,北海道,192425,鹿児島県,31036,6.2,192425,62096,151135,21.5,24,はい
91,16.0,24.0,200.0,1.0,4.3,0.78,北海道,187811,鹿児島県,33541,5.6,187811,59362,128875,31.4,25,はい
92,16.0,24.0,200.0,1.0,4.3,0.85,北海道,176840,鹿児島県,33541,5.27,176840,59362,128875,27.1,25,はい
93,16.0,24.0,200.0,1.0,4.3,0.95,北海道,163972,鹿児島県,33541,4.89,163972,59362,128875,21.4,25,はい
94,16.0,24.0,200.0,1.0,5.0,0.78,北海道,187649,鹿児島県,30594,6.13,187649,56679,128714,31.4,24,はい
95,16.0,24.0,200.0,1.0,5.0,0.85,北海道,176678,鹿児島県,30594,5.77,176678,56679,128714,27.1,24,はい
96,16.0,24.0,200.0,1.0,5.0,0.95,北海道,163810,鹿児島県,30594,5.35,163810,56679,128714,21.4,24,はい
97,16.0,24.0,200.0,1.0,5.7,0.78,北海道,187528,鹿児島県,28445,6.59,187528,54710,128593,31.4,24,はい
98,16.0,24.0,200.0,1.0,5.7,0.85,北海道,176557,鹿児島県,28445,6.21,176557,54710,128593,27.2,24,はい
99,16.0,24.0,200.0,1.0,5.7,0.95,北海道,163689,鹿児島県,28445,5.75,163689,54710,128593,21.4,24,はい
100,16.0,24.0,200.0,1.15,4.3,0.78,北海道,163462,宮崎県,31181,5.24,163462,53902,112214,31.4,25,はい
101,16.0,24.0,200.0,1.15,4.3,0.85,北海道,153922,宮崎県,31181,4.94,153922,53902,112214,27.1,25,はい
102,16.0,24.0,200.0,1.15,4.3,0.95,北海道,142732,宮崎県,31181,4.58,142732,53902,112214,21.4,25,はい
103,16.0,24.0,200.0,1.15,5.0,0.78,北海道,163300,鹿児島県,28679,5.69,163300,51219,112052,31.4,24,はい
104,16.0,24.0,200.0,1.15,5.0,0.85,北海道,153761,鹿児島県,28679,5.36,153761,51219,112052,27.1,24,はい
105,16.0,24.0,200.0,1.15,5.0,0.95,北海道,142571,鹿児島県,28679,4.97,142571,51219,112052,21.4,24,はい
106,16.0,24.0,200.0,1.15,5.7,0.78,北海道,163179,鹿児島県,26530,6.15,163179,49250,111931,31.4,24,はい
107,16.0,24.0,200.0,1.15,5.7,0.85,北海道,153639,鹿児島県,26530,5.79,153639,49250,111931,27.1,24,はい
108,16.0,24.0,200.0,1.15,5.7,0.95,北海道,142450,鹿児島県,26530,5.37,142450,49250,111931,21.4,24,はい
109,16.0,24.0,234.6,0.85,4.3,0.78,北海道,258943,鹿児島県,42382,6.11,258943,78297,177613,31.4,24,はい
110,16.0,24.0,234.6,0.85,4.3,0.85,北海道,243804,鹿児島県,42382,5.75,243804,78297,177613,27.1,24,はい
111,16.0,24.0,234.6,0.85,4.3,0.95,北海道,226046,鹿児島県,42382,5.33,226046,78297,177613,21.4,24,はい
112,16.0,24.0,234.6,0.85,5.0,0.78,北海道,258754,鹿児島県,38926,6.65,258754,75149,177423,31.4,24,はい
113,16.0,24.0,234.6,0.85,5.0,0.85,北海道,243614,鹿児島県,38926,6.26,243614,75149,177423,27.2,24,はい
114,16.0,24.0,234.6,0.85,5.0,0.95,北海道,225856,鹿児島県,38926,5.8,225856,75149,177423,21.4,24,はい
115,16.0,24.0,234.6,0.85,5.7,0.78,北海道,258612,鹿児島県,36405,7.1,258612,72839,177281,31.4,24,はい
116,16.0,24.0,234.6,0.85,5.7,0.85,北海道,243472,鹿児島県,36405,6.69,243472,72839,177281,27.2,24,はい
117,16.0,24.0,234.6,0.85,5.7,0.95,北海道,225714,鹿児島県,36405,6.2,225714,72839,177281,21.5,24,はい
118,16.0,24.0,234.6,1.0,4.3,0.78,北海道,220302,鹿児島県,39343,5.6,220302,69632,151171,31.4,25,はい
119,16.0,24.0,234.6,1.0,4.3,0.85,北海道,207433,鹿児島県,39343,5.27,207433,69632,151171,27.1,25,はい
120,16.0,24.0,234.6,1.0,4.3,0.95,北海道,192339,鹿児島県,39343,4.89,192339,69632,151171,21.4,25,はい
121,16.0,24.0,234.6,1.0,5.0,0.78,北海道,220113,鹿児島県,35887,6.13,220113,66484,150982,31.4,24,はい
122,16.0,24.0,234.6,1.0,5.0,0.85,北海道,207244,鹿児島県,35887,5.77,207244,66484,150982,27.1,24,はい
123,16.0,24.0,234.6,1.0,5.0,0.95,北海道,192149,鹿児島県,35887,5.35,192149,66484,150982,21.4,24,はい
124,16.0,24.0,234.6,1.0,5.7,0.78,北海道,219970,鹿児島県,33366,6.59,219970,64174,150839,31.4,24,はい
125,16.0,24.0,234.6,1.0,5.7,0.85,北海道,207101,鹿児島県,33366,6.21,207101,64174,150839,27.2,24,はい
126,16.0,24.0,234.6,1.0,5.7,0.95,北海道,192007,鹿児島県,33366,5.75,192007,64174,150839,21.4,24,はい
127,16.0,24.0,234.6,1.15,4.3,0.78,北海道,191741,宮崎県,36575,5.24,191741,63227,131627,31.4,25,はい
128,16.0,24.0,234.6,1.15,4.3,0.85,北海道,180550,宮崎県,36575,4.94,180550,63227,131627,27.1,25,はい
129,16.0,24.0,234.6,1.15,4.3,0.95,北海道,167425,宮崎県,36575,4.58,167425,63227,131627,21.4,25,はい
130,16.0,24.0,234.6,1.15,5.0,0.78,北海道,191551,鹿児島県,33641,5.69,191551,60080,131438,31.4,24,はい
131,16.0,24.0,234.6,1.15,5.0,0.85,北海道,180361,鹿児島県,33641,5.36,180361,60080,131438,27.1,24,はい
132,16.0,24.0,234.6,1.15,5.0,0.95,北海道,167236,鹿児島県,33641,4.97,167236,60080,131438,21.4,24,はい
133,16.0,24.0,234.6,1.15,5.7,0.78,北海道,191409,鹿児島県,31119,6.15,191409,57770,131295,31.4,24,はい
134,16.0,24.0,234.6,1.15,5.7,0.85,北海道,180219,鹿児島県,31119,5.79,180219,57770,131295,27.1,24,はい
135,16.0,24.0,234.6,1.15,5.7,0.95,北海道,167093,鹿児島県,31119,5.37,167093,57770,131295,21.4,24,はい
136,16.0,24.0,270.0,0.85,4.3,0.78,北海道,298017,鹿児島県,48778,6.11,298017,90111,204414,31.4,24,はい
137,16.0,24.0,270.0,0.85,4.3,0.85,北海道,280592,鹿児島県,48778,5.75,280592,90111,204414,27.1,24,はい
138,16.0,24.0,270.0,0.85,4.3,0.95,北海道,260155,鹿児島県,48778,5.33,260155,90111,204414,21.4,24,はい
139,16.0,24.0,270.0,0.85,5.0,0.78,北海道,297799,鹿児島県,44800,6.65,297799,86489,204196,31.4,24,はい
140,16.0,24.0,270.0,0.85,5.0,0.85,北海道,280374,鹿児島県,44800,6.26,280374,86489,204196,27.2,24,はい
141,16.0,24.0,270.0,0.85,5.0,0.95,北海道,259937,鹿児島県,44800,5.8,259937,86489,204196,21.4,24,はい
142,16.0,24.0,270.0,0.85,5.7,0.78,北海道,297635,鹿児島県,41898,7.1,297635,83830,204032,31.4,24,はい
143,16.0,24.0,270.0,0.85,5.7,0.85,北海道,280211,鹿児島県,41898,6.69,280211,83830,204032,27.2,24,はい
144,16.0,24.0,270.0,0.85,5.7,0.95,北海道,259773,鹿児島県,41898,6.2,259773,83830,204032,21.5,24,はい
145,16.0,24.0,270.0,1.0,4.3,0.78,北海道,253544,鹿児島県,45280,5.6,253544,80139,173982,31.4,25,はい
146,16.0,24.0,270.0,1.0,4.3,0.85,北海道,238734,鹿児島県,45280,5.27,238734,80139,173982,27.1,25,はい
147,16.0,24.0,270.0,1.0,4.3,0.95,北海道,221362,鹿児島県,45280,4.89,221362,80139,173982,21.4,25,はい
148,16.0,24.0,270.0,1.0,5.0,0.78,北海道,253326,鹿児島県,41302,6.13,253326,76517,173764,31.4,24,はい
149,16.0,24.0,270.0,1.0,5.0,0.85,北海道,238516,鹿児島県,41302,5.77,238516,76517,173764,27.1,24,はい
150,16.0,24.0,270.0,1.0,5.0,0.95,北海道,221144,鹿児島県,41302,5.35,221144,76517,173764,21.4,24,はい
151,16.0,24.0,270.0,1.0,5.7,0.78,北海道,253163,鹿児島県,38400,6.59,253163,73858,173600,31.4,24,はい
152,16.0,24.0,270.0,1.0,5.7,0.85,北海道,238352,鹿児島県,38400,6.21,238352,73858,173600,27.2,24,はい
153,16.0,24.0,270.0,1.0,5.7,0.95,北海道,220980,鹿児島県,38400,5.75,220980,73858,173600,21.4,24,はい
154,16.0,24.0,270.0,1.15,4.3,0.78,北海道,220673,宮崎県,42094,5.24,220673,72768,151489,31.4,25,はい
155,16.0,24.0,270.0,1.15,4.3,0.85,北海道,207795,宮崎県,42094,4.94,207795,72768,151489,27.1,25,はい
156,16.0,24.0,270.0,1.15,4.3,0.95,北海道,192689,宮崎県,42094,4.58,192689,72768,151489,21.4,25,はい
157,16.0,24.0,270.0,1.15,5.0,0.78,北海道,220456,鹿児島県,38717,5.69,220456,69146,151271,31.4,24,はい
158,16.0,24.0,270.0,1.15,5.0,0.85,北海道,207577,鹿児島県,38717,5.36,207577,69146,151271,27.1,24,はい
159,16.0,24.0,270.0,1.15,5.0,0.95,北海道,192471,鹿児島県,38717,4.97,192471,69146,151271,21.4,24,はい
160,16.0,24.0,270.0,1.15,5.7,0.78,北海道,220292,鹿児島県,35815,6.15,220292,66487,151107,31.4,24,はい
161,16.0,24.0,270.0,1.15,5.7,0.85,北海道,207413,鹿児島県,35815,5.79,207413,66487,151107,27.1,24,はい
162,16.0,24.0,270.0,1.15,5.7,0.95,北海道,192307,鹿児島県,35815,5.37,192307,66487,151107,21.4,24,はい
163,16.0,26.0,200.0,0.85,4.3,0.78,北海道,219616,沖縄県,25623,8.57,219616,57600,150281,31.6,24,はい
164,16.0,26.0,200.0,0.85,4.3,0.85,北海道,206710,沖縄県,25623,8.07,206710,57600,150281,27.3,24,はい
165,16.0,26.0,200.0,0.85,4.3,0.95,北海道,191571,沖縄県,25623,7.48,191571,57600,150281,21.6,24,はい
166,16.0,26.0,200.0,0.85,5.0,0.78,北海道,219616,沖縄県,21624,10.16,219616,56305,150281,31.6,24,はい
167,16.0,26.0,200.0,0.85,5.0,0.85,北海道,206710,沖縄県,21624,9.56,206710,56305,150281,27.3,24,はい
168,16.0,26.0,200.0,0.85,5.0,0.95,北海道,191571,沖縄県,21624,8.86,191571,56305,150281,21.6,24,はい
169,16.0,26.0,200.0,0.85,5.7,0.78,北海道,219616,沖縄県,18704,11.74,219616,55358,150281,31.6,24,はい
170,16.0,26.0,200.0,0.85,5.7,0.85,北海道,206710,沖縄県,18704,11.05,206710,55358,150281,27.3,24,はい
171,16.0,26.0,200.0,0.85,5.7,0.95,北海道,191571,沖縄県,18704,10.24,191571,55358,150281,21.6,24,はい
172,16.0,26.0,200.0,1.0,4.3,0.78,北海道,186674,沖縄県,25623,7.29,186674,50213,127739,31.6,24,はい
173,16.0,26.0,200.0,1.0,4.3,0.85,北海道,175703,沖縄県,25623,6.86,175703,50213,127739,27.3,24,はい
174,16.0,26.0,200.0,1.0,4.3,0.95,北海道,162835,沖縄県,25623,6.36,162835,50213,127739,21.6,24,はい
175,16.0,26.0,200.0,1.0,5.0,0.78,北海道,186674,沖縄県,21624,8.63,186674,48918,127739,31.6,24,はい
176,16.0,26.0,200.0,1.0,5.0,0.85,北海道,175703,沖縄県,21624,8.13,175703,48918,127739,27.3,24,はい
177,16.0,26.0,200.0,1.0,5.0,0.95,北海道,162835,沖縄県,21624,7.53,162835,48918,127739,21.6,24,はい
178,16.0,26.0,200.0,1.0,5.7,0.78,北海道,186674,沖縄県,18704,9.98,186674,47971,127739,31.6,24,はい
179,16.0,26.0,200.0,1.0,5.7,0.85,北海道,175703,沖縄県,18704,9.39,175703,47971,127739,27.3,24,はい
180,16.0,26.0,200.0,1.0,5.7,0.95,北海道,162835,沖縄県,18704,8.71,162835,47971,127739,21.6,24,はい
181,16.0,26.0,200.0,1.15,4.3,0.78,北海道,162325,鹿児島県,23947,6.78,162325,44753,111077,31.6,25,はい
182,16.0,26.0,200.0,1.15,4.3,0.85,北海道,152785,鹿児島県,23947,6.38,152785,44753,111077,27.3,25,はい
183,16.0,26.0,200.0,1.15,4.3,0.95,北海道,141596,鹿児島県,23947,5.91,141596,44753,111077,21.6,25,はい
184,16.0,26.0,200.0,1.15,5.0,0.78,北海道,162325,沖縄県,21624,7.51,162325,43458,111077,31.6,24,はい
185,16.0,26.0,200.0,1.15,5.0,0.85,北海道,152785,沖縄県,21624,7.07,152785,43458,111077,27.3,24,はい
186,16.0,26.0,200.0,1.15,5.0,0.95,北海道,141596,沖縄県,21624,6.55,141596,43458,111077,21.6,24,はい
187,16.0,26.0,200.0,1.15,5.7,0.78,北海道,162325,沖縄県,18704,8.68,162325,42511,111077,31.6,24,はい
188,16.0,26.0,200.0,1.15,5.7,0.85,北海道,152785,沖縄県,18704,8.17,152785,42511,111077,27.3,24,はい
189,16.0,26.0,200.0,1.15,5.7,0.95,北海道,141596,沖縄県,18704,7.57,141596,42511,111077,21.6,24,はい
190,16.0,26.0,234.6,0.85,4.3,0.78,北海道,257610,沖縄県,30056,8.57,257610,67565,176280,31.6,24,はい
191,16.0,26.0,234.6,0.85,4.3,0.85,北海道,242470,沖縄県,30056,8.07,242470,67565,176280,27.3,24,はい
192,16.0,26.0,234.6,0.85,4.3,0.95,北海道,224712,沖縄県,30056,7.48,224712,67565,176280,21.6,24,はい
193,16.0,26.0,234.6,0.85,5.0,0.78,北海道,257610,沖縄県,25364,10.16,257610,66046,176280,31.6,24,はい
194,16.0,26.0,234.6,0.85,5.0,0.85,北海道,242470,沖縄県,25364,9.56,242470,66046,176280,27.3,24,はい
195,16.0,26.0,234.6,0.85,5.0,0.95,北海道,224712,沖縄県,25364,8.86,224712,66046,176280,21.6,24,はい
196,16.0,26.0,234.6,0.85,5.7,0.78,北海道,257610,沖縄県,21940,11.74,257610,64935,176280,31.6,24,はい
197,16.0,26.0,234.6,0.85,5.7,0.85,北海道,242470,沖縄県,21940,11.05,242470,64935,176280,27.3,24,はい
198,16.0,26.0,234.6,0.85,5.7,0.95,北海道,224712,沖縄県,21940,10.24,224712,64935,176280,21.6,24,はい
199,16.0,26.0,234.6,1.0,4.3,0.78,北海道,218969,沖縄県,30056,7.29,218969,58900,149838,31.6,24,はい
200,16.0,26.0,234.6,1.0,4.3,0.85,北海道,206100,沖縄県,30056,6.86,206100,58900,149838,27.3,24,はい
201,16.0,26.0,234.6,1.0,4.3,0.95,北海道,191005,沖縄県,30056,6.35,191005,58900,149838,21.6,24,はい
202,16.0,26.0,234.6,1.0,5.0,0.78,北海道,218969,沖縄県,25364,8.63,218969,57381,149838,31.6,24,はい
203,16.0,26.0,234.6,1.0,5.0,0.85,北海道,206100,沖縄県,25364,8.13,206100,57381,149838,27.3,24,はい
204,16.0,26.0,234.6,1.0,5.0,0.95,北海道,191005,沖縄県,25364,7.53,191005,57381,149838,21.6,24,はい
205,16.0,26.0,234.6,1.0,5.7,0.78,北海道,218969,沖縄県,21940,9.98,218969,56270,149838,31.6,24,はい
206,16.0,26.0,234.6,1.0,5.7,0.85,北海道,206100,沖縄県,21940,9.39,206100,56270,149838,27.3,24,はい
207,16.0,26.0,234.6,1.0,5.7,0.95,北海道,191005,沖縄県,21940,8.71,191005,56270,149838,21.6,24,はい
208,16.0,26.0,234.6,1.15,4.3,0.78,北海道,190407,鹿児島県,28089,6.78,190407,52496,130294,31.6,25,はい
209,16.0,26.0,234.6,1.15,4.3,0.85,北海道,179217,鹿児島県,28089,6.38,179217,52496,130294,27.3,25,はい
210,16.0,26.0,234.6,1.15,4.3,0.95,北海道,166092,鹿児島県,28089,5.91,166092,52496,130294,21.6,25,はい
211,16.0,26.0,234.6,1.15,5.0,0.78,北海道,190407,沖縄県,25364,7.51,190407,50977,130294,31.6,24,はい
212,16.0,26.0,234.6,1.15,5.0,0.85,北海道,179217,沖縄県,25364,7.07,179217,50977,130294,27.3,24,はい
213,16.0,26.0,234.6,1.15,5.0,0.95,北海道,166092,沖縄県,25364,6.55,166092,50977,130294,21.6,24,はい
214,16.0,26.0,234.6,1.15,5.7,0.78,北海道,190407,沖縄県,21940,8.68,190407,49865,130294,31.6,24,はい
215,16.0,26.0,234.6,1.15,5.7,0.85,北海道,179217,沖縄県,21940,8.17,179217,49865,130294,27.3,24,はい
216,16.0,26.0,234.6,1.15,5.7,0.95,北海道,166092,沖縄県,21940,7.57,166092,49865,130294,21.6,24,はい
217,16.0,26.0,270.0,0.85,4.3,0.78,北海道,296482,沖縄県,34592,8.57,296482,77760,202879,31.6,24,はい
218,16.0,26.0,270.0,0.85,4.3,0.85,北海道,279058,沖縄県,34592,8.07,279058,77760,202879,27.3,24,はい
219,16.0,26.0,270.0,0.85,4.3,0.95,北海道,258620,沖縄県,34592,7.48,258620,77760,202879,21.6,24,はい
220,16.0,26.0,270.0,0.85,5.0,0.78,北海道,296482,沖縄県,29192,10.16,296482,76012,202879,31.6,24,はい
221,16.0,26.0,270.0,0.85,5.0,0.85,北海道,279058,沖縄県,29192,9.56,279058,76012,202879,27.3,24,はい
222,16.0,26.0,270.0,0.85,5.0,0.95,北海道,258620,沖縄県,29192,8.86,258620,76012,202879,21.6,24,はい
223,16.0,26.0,270.0,0.85,5.7,0.78,北海道,296482,沖縄県,25250,11.74,296482,74733,202879,31.6,24,はい
224,16.0,26.0,270.0,0.85,5.7,0.85,北海道,279058,沖縄県,25250,11.05,279058,74733,202879,27.3,24,はい
225,16.0,26.0,270.0,0.85,5.7,0.95,北海道,258620,沖縄県,25250,10.24,258620,74733,202879,21.6,24,はい
226,16.0,26.0,270.0,1.0,4.3,0.78,北海道,252010,沖縄県,34592,7.29,252010,67788,172447,31.6,24,はい
227,16.0,26.0,270.0,1.0,4.3,0.85,北海道,237199,沖縄県,34592,6.86,237199,67788,172447,27.3,24,はい
228,16.0,26.0,270.0,1.0,4.3,0.95,北海道,219827,沖縄県,34592,6.35,219827,67788,172447,21.6,24,はい
229,16.0,26.0,270.0,1.0,5.0,0.78,北海道,252010,沖縄県,29192,8.63,252010,66039,172447,31.6,24,はい
230,16.0,26.0,270.0,1.0,5.0,0.85,北海道,237199,沖縄県,29192,8.13,237199,66039,172447,27.3,24,はい
231,16.0,26.0,270.0,1.0,5.0,0.95,北海道,219827,沖縄県,29192,7.53,219827,66039,172447,21.6,24,はい
232,16.0,26.0,270.0,1.0,5.7,0.78,北海道,252010,沖縄県,25250,9.98,252010,64761,172447,31.6,24,はい
233,16.0,26.0,270.0,1.0,5.7,0.85,北海道,237199,沖縄県,25250,9.39,237199,64761,172447,27.3,24,はい
234,16.0,26.0,270.0,1.0,5.7,0.95,北海道,219827,沖縄県,25250,8.71,219827,64761,172447,21.6,24,はい
235,16.0,26.0,270.0,1.15,4.3,0.78,北海道,219139,鹿児島県,32328,6.78,219139,60417,149954,31.6,25,はい
236,16.0,26.0,270.0,1.15,4.3,0.85,北海道,206260,鹿児島県,32328,6.38,206260,60417,149954,27.3,25,はい
237,16.0,26.0,270.0,1.15,4.3,0.95,北海道,191154,鹿児島県,32328,5.91,191154,60417,149954,21.6,25,はい
238,16.0,26.0,270.0,1.15,5.0,0.78,北海道,219139,沖縄県,29192,7.51,219139,58669,149954,31.6,24,はい
239,16.0,26.0,270.0,1.15,5.0,0.85,北海道,206260,沖縄県,29192,7.07,206260,58669,149954,27.3,24,はい
240,16.0,26.0,270.0,1.15,5.0,0.95,北海道,191154,沖縄県,29192,6.55,191154,58669,149954,21.6,24,はい
241,16.0,26.0,270.0,1.15,5.7,0.78,北海道,219139,沖縄県,25250,8.68,219139,57390,149954,31.6,24,はい
242,16.0,26.0,270.0,1.15,5.7,0.85,北海道,206260,沖縄県,25250,8.17,206260,57390,149954,27.3,24,はい
243,16.0,26.0,270.0,1.15,5.7,0.95,北海道,191154,沖縄県,25250,7.57,191154,57390,149954,21.6,24,はい
244,18.0,23.0,200.0,0.85,4.3,0.78,北海道,257009,宮崎県,49892,5.15,257009,87403,180582,29.7,24,はい
245,18.0,23.0,200.0,0.85,4.3,0.85,北海道,242641,宮崎県,49892,4.86,242641,87403,180582,25.6,24,はい
246,18.0,23.0,200.0,0.85,4.3,0.95,北海道,225789,宮崎県,49892,4.53,225789,87403,180582,20.0,24,はい
247,18.0,23.0,200.0,0.85,5.0,0.78,北海道,256617,鹿児島県,46485,5.52,256617,84025,180190,29.8,24,はい
248,18.0,23.0,200.0,0.85,5.0,0.85,北海道,242249,鹿児島県,46485,5.21,242249,84025,180190,25.6,24,はい
249,18.0,23.0,200.0,0.85,5.0,0.95,北海道,225397,鹿児島県,46485,4.85,225397,84025,180190,20.1,24,はい
250,18.0,23.0,200.0,0.85,5.7,0.78,北海道,256322,沖縄県,43078,5.95,256322,81545,179895,29.8,24,はい
251,18.0,23.0,200.0,0.85,5.7,0.85,北海道,241955,沖縄県,43078,5.62,241955,81545,179895,25.6,24,はい
252,18.0,23.0,200.0,0.85,5.7,0.95,北海道,225103,沖縄県,43078,5.23,225103,81545,179895,20.1,24,はい
253,18.0,23.0,200.0,1.0,4.3,0.78,北海道,218871,宮崎県,45252,4.84,218871,77604,153908,29.7,25,はい
254,18.0,23.0,200.0,1.0,4.3,0.85,北海道,206659,宮崎県,45252,4.57,206659,77604,153908,25.5,25,はい
255,18.0,23.0,200.0,1.0,4.3,0.95,北海道,192335,宮崎県,45252,4.25,192335,77604,153908,20.0,25,はい
256,18.0,23.0,200.0,1.0,5.0,0.78,北海道,218479,宮崎県,42321,5.16,218479,74227,153516,29.7,24,はい
257,18.0,23.0,200.0,1.0,5.0,0.85,北海道,206267,宮崎県,42321,4.87,206267,74227,153516,25.6,24,はい
258,18.0,23.0,200.0,1.0,5.0,0.95,北海道,191943,宮崎県,42321,4.54,191943,74227,153516,20.0,24,はい
259,18.0,23.0,200.0,1.0,5.7,0.78,北海道,218185,鹿児島県,39833,5.48,218185,71746,153222,29.8,24,はい
260,18.0,23.0,200.0,1.0,5.7,0.85,北海道,205973,鹿児島県,39833,5.17,205973,71746,153222,25.6,24,はい
261,18.0,23.0,200.0,1.0,5.7,0.95,北海道,191648,鹿児島県,39833,4.81,191648,71746,153222,20.1,24,はい
262,18.0,23.0,200.0,1.15,4.3,0.78,北海道,190683,宮崎県,41822,4.56,190683,70361,134193,29.6,25,はい
263,18.0,23.0,200.0,1.15,4.3,0.85,北海道,180064,宮崎県,41822,4.31,180064,70361,134193,25.5,25,はい
264,18.0,23.0,200.0,1.15,4.3,0.95,北海道,167608,宮崎県,41822,4.01,167608,70361,134193,19.9,25,はい
265,18.0,23.0,200.0,1.15,5.0,0.78,北海道,190291,宮崎県,38891,4.89,190291,66984,133801,29.7,25,はい
266,18.0,23.0,200.0,1.15,5.0,0.85,北海道,179672,宮崎県,38891,4.62,179672,66984,133801,25.5,25,はい
267,18.0,23.0,200.0,1.15,5.0,0.95,北海道,167216,宮崎県,38891,4.3,167216,66984,133801,20.0,25,はい
268,18.0,23.0,200.0,1.15,5.7,0.78,北海道,189997,宮崎県,36746,5.17,189997,64504,133507,29.7,24,はい
269,18.0,23.0,200.0,1.15,5.7,0.85,北海道,179377,宮崎県,36746,4.88,179377,64504,133507,25.6,24,はい
270,18.0,23.0,200.0,1.15,5.7,0.95,北海道,166921,宮崎県,36746,4.54,166921,64504,133507,20.0,24,はい
271,18.0,23.0,234.6,0.85,4.3,0.78,北海道,301471,宮崎県,58524,5.15,301471,102523,211822,29.7,24,はい
272,18.0,23.0,234.6,0.85,4.3,0.85,北海道,284618,宮崎県,58524,4.86,284618,102523,211822,25.6,24,はい
273,18.0,23.0,234.6,0.85,4.3,0.95,北海道,264851,宮崎県,58524,4.53,264851,102523,211822,20.0,24,はい
274,18.0,23.0,234.6,0.85,5.0,0.78,北海道,301011,鹿児島県,54527,5.52,301011,98562,211362,29.8,24,はい
275,18.0,23.0,234.6,0.85,5.0,0.85,北海道,284158,鹿児島県,54527,5.21,284158,98562,211362,25.6,24,はい
276,18.0,23.0,234.6,0.85,5.0,0.95,北海道,264391,鹿児島県,54527,4.85,264391,98562,211362,20.1,24,はい
277,18.0,23.0,234.6,0.85,5.7,0.78,北海道,300666,沖縄県,50530,5.95,300666,95652,211017,29.8,24,はい
278,18.0,23.0,234.6,0.85,5.7,0.85,北海道,283813,沖縄県,50530,5.62,283813,95652,211017,25.6,24,はい
279,18.0,23.0,234.6,0.85,5.7,0.95,北海道,264046,沖縄県,50530,5.23,264046,95652,211017,20.1,24,はい
280,18.0,23.0,234.6,1.0,4.3,0.78,北海道,256736,宮崎県,53080,4.84,256736,91029,180534,29.7,25,はい
281,18.0,23.0,234.6,1.0,4.3,0.85,北海道,242411,宮崎県,53080,4.57,242411,91029,180534,25.5,25,はい
282,18.0,23.0,234.6,1.0,4.3,0.95,北海道,225609,宮崎県,53080,4.25,225609,91029,180534,20.0,25,はい
283,18.0,23.0,234.6,1.0,5.0,0.78,北海道,256276,宮崎県,49643,5.16,256276,87068,180075,29.7,24,はい
284,18.0,23.0,234.6,1.0,5.0,0.85,北海道,241951,宮崎県,49643,4.87,241951,87068,180075,25.6,24,はい
285,18.0,23.0,234.6,1.0,5.0,0.95,北海道,225149,宮崎県,49643,4.54,225149,87068,180075,20.0,24,はい
286,18.0,23.0,234.6,1.0,5.7,0.78,北海道,255931,鹿児島県,46724,5.48,255931,84158,179729,29.8,24,はい
287,18.0,23.0,234.6,1.0,5.7,0.85,北海道,241606,鹿児島県,46724,5.17,241606,84158,179729,25.6,24,はい
288,18.0,23.0,234.6,1.0,5.7,0.95,北海道,224804,鹿児島県,46724,4.81,224804,84158,179729,20.1,24,はい
289,18.0,23.0,234.6,1.15,4.3,0.78,北海道,223671,宮崎県,49057,4.56,223671,82534,157409,29.6,25,はい
290,18.0,23.0,234.6,1.15,4.3,0.85,北海道,211215,宮崎県,49057,4.31,211215,82534,157409,25.5,25,はい
291,18.0,23.0,234.6,1.15,4.3,0.95,北海道,196604,宮崎県,49057,4.01,196604,82534,157409,19.9,25,はい
292,18.0,23.0,234.6,1.15,5.0,0.78,北海道,223211,宮崎県,45620,4.89,223211,78572,156949,29.7,25,はい
293,18.0,23.0,234.6,1.15,5.0,0.85,北海道,210755,宮崎県,45620,4.62,210755,78572,156949,25.5,25,はい
294,18.0,23.0,234.6,1.15,5.0,0.95,北海道,196144,宮崎県,45620,4.3,196144,78572,156949,20.0,25,はい
295,18.0,23.0,234.6,1.15,5.7,0.78,北海道,222866,宮崎県,43103,5.17,222866,75663,156604,29.7,24,はい
296,18.0,23.0,234.6,1.15,5.7,0.85,北海道,210409,宮崎県,43103,4.88,210409,75663,156604,25.6,24,はい
297,18.0,23.0,234.6,1.15,5.7,0.95,北海道,195799,宮崎県,43103,4.54,195799,75663,156604,20.0,24,はい
298,18.0,23.0,270.0,0.85,4.3,0.78,北海道,346962,宮崎県,67355,5.15,346962,117993,243785,29.7,24,はい
299,18.0,23.0,270.0,0.85,4.3,0.85,北海道,327566,宮崎県,67355,4.86,327566,117993,243785,25.6,24,はい
300,18.0,23.0,270.0,0.85,4.3,0.95,北海道,304815,宮崎県,67355,4.53,304815,117993,243785,20.0,24,はい
301,18.0,23.0,270.0,0.85,5.0,0.78,北海道,346433,鹿児島県,62755,5.52,346433,113434,243256,29.8,24,はい
302,18.0,23.0,270.0,0.85,5.0,0.85,北海道,327037,鹿児島県,62755,5.21,327037,113434,243256,25.6,24,はい
303,18.0,23.0,270.0,0.85,5.0,0.95,北海道,304286,鹿児島県,62755,4.85,304286,113434,243256,20.1,24,はい
304,18.0,23.0,270.0,0.85,5.7,0.78,北海道,346035,沖縄県,58155,5.95,346035,110085,242858,29.8,24,はい
305,18.0,23.0,270.0,0.85,5.7,0.85,北海道,326639,沖縄県,58155,5.62,326639,110085,242858,25.6,24,はい
306,18.0,23.0,270.0,0.85,5.7,0.95,北海道,303889,沖縄県,58155,5.23,303889,110085,242858,20.1,24,はい
307,18.0,23.0,270.0,1.0,4.3,0.78,北海道,295476,宮崎県,61090,4.84,295476,104765,207776,29.7,25,はい
308,18.0,23.0,270.0,1.0,4.3,0.85,北海道,278990,宮崎県,61090,4.57,278990,104765,207776,25.5,25,はい
309,18.0,23.0,270.0,1.0,4.3,0.95,北海道,259652,宮崎県,61090,4.25,259652,104765,207776,20.0,25,はい
310,18.0,23.0,270.0,1.0,5.0,0.78,北海道,294947,宮崎県,57134,5.16,294947,100206,207247,29.7,24,はい
311,18.0,23.0,270.0,1.0,5.0,0.85,北海道,278461,宮崎県,57134,4.87,278461,100206,207247,25.6,24,はい
312,18.0,23.0,270.0,1.0,5.0,0.95,北海道,259123,宮崎県,57134,4.54,259123,100206,207247,20.0,24,はい
313,18.0,23.0,270.0,1.0,5.7,0.78,北海道,294550,鹿児島県,53775,5.48,294550,96857,206850,29.8,24,はい
314,18.0,23.0,270.0,1.0,5.7,0.85,北海道,278063,鹿児島県,53775,5.17,278063,96857,206850,25.6,24,はい
315,18.0,23.0,270.0,1.0,5.7,0.95,北海道,258725,鹿児島県,53775,4.81,258725,96857,206850,20.1,24,はい
316,18.0,23.0,270.0,1.15,4.3,0.78,北海道,257422,宮崎県,56460,4.56,257422,94988,181161,29.6,25,はい
317,18.0,23.0,270.0,1.15,4.3,0.85,北海道,243086,宮崎県,56460,4.31,243086,94988,181161,25.5,25,はい
318,18.0,23.0,270.0,1.15,4.3,0.95,北海道,226271,宮崎県,56460,4.01,226271,94988,181161,19.9,25,はい
319,18.0,23.0,270.0,1.15,5.0,0.78,北海道,256893,宮崎県,52503,4.89,256893,90428,180632,29.7,25,はい
320,18.0,23.0,270.0,1.15,5.0,0.85,北海道,242557,宮崎県,52503,4.62,242557,90428,180632,25.5,25,はい
321,18.0,23.0,270.0,1.15,5.0,0.95,北海道,225741,宮崎県,52503,4.3,225741,90428,180632,20.0,25,はい
322,18.0,23.0,270.0,1.15,5.7,0.78,北海道,256495,宮崎県,49607,5.17,256495,87080,180234,29.7,24,はい
323,18.0,23.0,270.0,1.15,5.7,0.85,北海道,242159,宮崎県,49607,4.88,242159,87080,180234,25.6,24,はい
324,18.0,23.0,270.0,1.15,5.7,0.95,北海道,225344,宮崎県,49607,4.54,225344,87080,180234,20.0,24,はい
325,18.0,24.0,200.0,0.85,4.3,0.78,北海道,255385,鹿児島県,44979,5.68,255385,82828,178958,29.9,24,はい
326,18.0,24.0,200.0,0.85,4.3,0.85,北海道,241017,鹿児島県,44979,5.36,241017,82828,178958,25.7,24,はい
327,18.0,24.0,200.0,0.85,4.3,0.95,北海道,224165,鹿児島県,44979,4.98,224165,82828,178958,20.2,24,はい
328,18.0,24.0,200.0,0.85,5.0,0.78,北海道,255224,沖縄県,39230,6.51,255224,80145,178796,29.9,24,はい
329,18.0,24.0,200.0,0.85,5.0,0.85,北海道,240856,沖縄県,39230,6.14,240856,80145,178796,25.8,24,はい
330,18.0,24.0,200.0,0.85,5.0,0.95,北海道,224004,沖縄県,39230,5.71,224004,80145,178796,20.2,24,はい
331,18.0,24.0,200.0,0.85,5.7,0.78,北海道,255102,沖縄県,34145,7.47,255102,78175,178675,30.0,24,はい
332,18.0,24.0,200.0,0.85,5.7,0.85,北海道,240735,沖縄県,34145,7.05,240735,78175,178675,25.8,24,はい
333,18.0,24.0,200.0,0.85,5.7,0.95,北海道,223883,沖縄県,34145,6.56,223883,78175,178675,20.2,24,はい
334,18.0,24.0,200.0,1.0,4.3,0.78,北海道,217248,鹿児島県,41061,5.29,217248,73029,152285,29.9,25,はい
335,18.0,24.0,200.0,1.0,4.3,0.85,北海道,205035,鹿児島県,41061,4.99,205035,73029,152285,25.7,25,はい
336,18.0,24.0,200.0,1.0,4.3,0.95,北海道,190711,鹿児島県,41061,4.64,190711,73029,152285,20.1,25,はい
337,18.0,24.0,200.0,1.0,5.0,0.78,北海道,217086,鹿児島県,38115,5.7,217086,70346,152123,29.9,24,はい
338,18.0,24.0,200.0,1.0,5.0,0.85,北海道,204874,鹿児島県,38115,5.38,204874,70346,152123,25.7,24,はい
339,18.0,24.0,200.0,1.0,5.0,0.95,北海道,190550,鹿児島県,38115,5.0,190550,70346,152123,20.2,24,はい
340,18.0,24.0,200.0,1.0,5.7,0.78,北海道,216965,沖縄県,33931,6.39,216965,68377,152002,29.9,24,はい
341,18.0,24.0,200.0,1.0,5.7,0.85,北海道,204753,沖縄県,33931,6.03,204753,68377,152002,25.8,24,はい
342,18.0,24.0,200.0,1.0,5.7,0.95,北海道,190428,沖縄県,33931,5.61,190428,68377,152002,20.2,24,はい
343,18.0,24.0,200.0,1.15,4.3,0.78,北海道,189059,鹿児島県,38165,4.95,189059,65787,132570,29.9,25,はい
344,18.0,24.0,200.0,1.15,4.3,0.85,北海道,178440,鹿児島県,38165,4.68,178440,65787,132570,25.7,25,はい
345,18.0,24.0,200.0,1.15,4.3,0.95,北海道,165984,鹿児島県,38165,4.35,165984,65787,132570,20.1,25,はい
346,18.0,24.0,200.0,1.15,5.0,0.78,北海道,188898,鹿児島県,35219,5.36,188898,63104,132408,29.9,25,はい
347,18.0,24.0,200.0,1.15,5.0,0.85,北海道,178278,鹿児島県,35219,5.06,178278,63104,132408,25.7,25,はい
348,18.0,24.0,200.0,1.15,5.0,0.95,北海道,165823,鹿児島県,35219,4.71,165823,63104,132408,20.2,25,はい
349,18.0,24.0,200.0,1.15,5.7,0.78,北海道,188777,鹿児島県,33069,5.71,188777,61134,132287,29.9,24,はい
350,18.0,24.0,200.0,1.15,5.7,0.85,北海道,178157,鹿児島県,33069,5.39,178157,61134,132287,25.7,24,はい
351,18.0,24.0,200.0,1.15,5.7,0.95,北海道,165701,鹿児島県,33069,5.01,165701,61134,132287,20.2,24,はい
352,18.0,24.0,234.6,0.85,4.3,0.78,北海道,299566,鹿児島県,52760,5.68,299566,97157,209917,29.9,24,はい
353,18.0,24.0,234.6,0.85,4.3,0.85,北海道,282713,鹿児島県,52760,5.36,282713,97157,209917,25.7,24,はい
354,18.0,24.0,234.6,0.85,4.3,0.95,北海道,262946,鹿児島県,52760,4.98,262946,97157,209917,20.2,24,はい
355,18.0,24.0,234.6,0.85,5.0,0.78,北海道,299377,沖縄県,46017,6.51,299377,94010,209728,29.9,24,はい
356,18.0,24.0,234.6,0.85,5.0,0.85,北海道,282524,沖縄県,46017,6.14,282524,94010,209728,25.8,24,はい
357,18.0,24.0,234.6,0.85,5.0,0.95,北海道,262757,沖縄県,46017,5.71,262757,94010,209728,20.2,24,はい
358,18.0,24.0,234.6,0.85,5.7,0.78,北海道,299235,沖縄県,40053,7.47,299235,91700,209586,30.0,24,はい
359,18.0,24.0,234.6,0.85,5.7,0.85,北海道,282382,沖縄県,40053,7.05,282382,91700,209586,25.8,24,はい
360,18.0,24.0,234.6,0.85,5.7,0.95,北海道,262614,沖縄県,40053,6.56,262614,91700,209586,20.2,24,はい
361,18.0,24.0,234.6,1.0,4.3,0.78,北海道,254832,鹿児島県,48164,5.29,254832,85663,178630,29.9,25,はい
362,18.0,24.0,234.6,1.0,4.3,0.85,北海道,240506,鹿児島県,48164,4.99,240506,85663,178630,25.7,25,はい
363,18.0,24.0,234.6,1.0,4.3,0.95,北海道,223704,鹿児島県,48164,4.64,223704,85663,178630,20.1,25,はい
364,18.0,24.0,234.6,1.0,5.0,0.78,北海道,254642,鹿児島県,44708,5.7,254642,82516,178440,29.9,24,はい
365,18.0,24.0,234.6,1.0,5.0,0.85,北海道,240317,鹿児島県,44708,5.38,240317,82516,178440,25.7,24,はい
366,18.0,24.0,234.6,1.0,5.0,0.95,北海道,223515,鹿児島県,44708,5.0,223515,82516,178440,20.2,24,はい
367,18.0,24.0,234.6,1.0,5.7,0.78,北海道,254500,沖縄県,39801,6.39,254500,80206,178298,29.9,24,はい
368,18.0,24.0,234.6,1.0,5.7,0.85,北海道,240175,沖縄県,39801,6.03,240175,80206,178298,25.8,24,はい
369,18.0,24.0,234.6,1.0,5.7,0.95,北海道,223373,沖縄県,39801,5.61,223373,80206,178298,20.2,24,はい
370,18.0,24.0,234.6,1.15,4.3,0.78,北海道,221767,鹿児島県,44767,4.95,221767,77168,155504,29.9,25,はい
371,18.0,24.0,234.6,1.15,4.3,0.85,北海道,209310,鹿児島県,44767,4.68,209310,77168,155504,25.7,25,はい
372,18.0,24.0,234.6,1.15,4.3,0.95,北海道,194699,鹿児島県,44767,4.35,194699,77168,155504,20.1,25,はい
373,18.0,24.0,234.6,1.15,5.0,0.78,北海道,221577,鹿児島県,41311,5.36,221577,74021,155315,29.9,25,はい
374,18.0,24.0,234.6,1.15,5.0,0.85,北海道,209121,鹿児島県,41311,5.06,209121,74021,155315,25.7,25,はい
375,18.0,24.0,234.6,1.15,5.0,0.95,北海道,194510,鹿児島県,41311,4.71,194510,74021,155315,20.2,25,はい
376,18.0,24.0,234.6,1.15,5.7,0.78,北海道,221435,鹿児島県,38790,5.71,221435,71710,155173,29.9,24,はい
377,18.0,24.0,234.6,1.15,5.7,0.85,北海道,208978,鹿児島県,38790,5.39,208978,71710,155173,25.7,24,はい
378,18.0,24.0,234.6,1.15,5.7,0.95,北海道,194368,鹿児島県,38790,5.01,194368,71710,155173,20.2,24,はい
379,18.0,24.0,270.0,0.85,4.3,0.78,北海道,344770,鹿児島県,60721,5.68,344770,111818,241593,29.9,24,はい
380,18.0,24.0,270.0,0.85,4.3,0.85,北海道,325374,鹿児島県,60721,5.36,325374,111818,241593,25.7,24,はい
381,18.0,24.0,270.0,0.85,4.3,0.95,北海道,302623,鹿児島県,60721,4.98,302623,111818,241593,20.2,24,はい
382,18.0,24.0,270.0,0.85,5.0,0.78,北海道,344552,沖縄県,52961,6.51,344552,108196,241375,29.9,24,はい
383,18.0,24.0,270.0,0.85,5.0,0.85,北海道,325156,沖縄県,52961,6.14,325156,108196,241375,25.8,24,はい
384,18.0,24.0,270.0,0.85,5.0,0.95,北海道,302405,沖縄県,52961,5.71,302405,108196,241375,20.2,24,はい
385,18.0,24.0,270.0,0.85,5.7,0.78,北海道,344388,沖縄県,46096,7.47,344388,105537,241211,30.0,24,はい
386,18.0,24.0,270.0,0.85,5.7,0.85,北海道,324992,沖縄県,46096,7.05,324992,105537,241211,25.8,24,はい
387,18.0,24.0,270.0,0.85,5.7,0.95,北海道,302242,沖縄県,46096,6.56,302242,105537,241211,20.2,24,はい
388,18.0,24.0,270.0,1.0,4.3,0.78,北海道,293284,鹿児島県,55432,5.29,293284,98590,205584,29.9,25,はい
389,18.0,24.0,270.0,1.0,4.3,0.85,北海道,276798,鹿児島県,55432,4.99,276798,98590,205584,25.7,25,はい
390,18.0,24.0,270.0,1.0,4.3,0.95,北海道,257460,鹿児島県,55432,4.64,257460,98590,205584,20.1,25,はい
391,18.0,24.0,270.0,1.0,5.0,0.78,北海道,293066,鹿児島県,51455,5.7,293066,94967,205366,29.9,24,はい
392,18.0,24.0,270.0,1.0,5.0,0.85,北海道,276580,鹿児島県,51455,5.38,276580,94967,205366,25.7,24,はい
393,18.0,24.0,270.0,1.0,5.0,0.95,北海道,257242,鹿児島県,51455,5.0,257242,94967,205366,20.2,24,はい
394,18.0,24.0,270.0,1.0,5.7,0.78,北海道,292903,沖縄県,45807,6.39,292903,92309,205203,29.9,24,はい
395,18.0,24.0,270.0,1.0,5.7,0.85,北海道,276416,沖縄県,45807,6.03,276416,92309,205203,25.8,24,はい
396,18.0,24.0,270.0,1.0,5.7,0.95,北海道,257078,沖縄県,45807,5.61,257078,92309,205203,20.2,24,はい
397,18.0,24.0,270.0,1.15,4.3,0.78,北海道,255230,鹿児島県,51523,4.95,255230,88812,178969,29.9,25,はい
398,18.0,24.0,270.0,1.15,4.3,0.85,北海道,240894,鹿児島県,51523,4.68,240894,88812,178969,25.7,25,はい
399,18.0,24.0,270.0,1.15,4.3,0.95,北海道,224078,鹿児島県,51523,4.35,224078,88812,178969,20.1,25,はい
400,18.0,24.0,270.0,1.15,5.0,0.78,北海道,255012,鹿児島県,47545,5.36,255012,85190,178751,29.9,25,はい
401,18.0,24.0,270.0,1.15,5.0,0.85,北海道,240676,鹿児島県,47545,5.06,240676,85190,178751,25.7,25,はい
402,18.0,24.0,270.0,1.15,5.0,0.95,北海道,223861,鹿児島県,47545,4.71,223861,85190,178751,20.2,25,はい
403,18.0,24.0,270.0,1.15,5.7,0.78,北海道,254848,鹿児島県,44643,5.71,254848,82531,178587,29.9,24,はい
404,18.0,24.0,270.0,1.15,5.7,0.85,北海道,240512,鹿児島県,44643,5.39,240512,82531,178587,25.7,24,はい
405,18.0,24.0,270.0,1.15,5.7,0.95,北海道,223697,鹿児島県,44643,5.01,223697,82531,178587,20.2,24,はい
406,18.0,26.0,200.0,0.85,4.3,0.78,北海道,254248,沖縄県,27054,9.4,254248,73679,177821,30.1,24,はい
407,18.0,26.0,200.0,0.85,4.3,0.85,北海道,239881,沖縄県,27054,8.87,239881,73679,177821,25.9,24,はい
408,18.0,26.0,200.0,0.85,4.3,0.95,北海道,223029,沖縄県,27054,8.24,223029,73679,177821,20.3,24,はい
409,18.0,26.0,200.0,0.85,5.0,0.78,北海道,254248,沖縄県,23054,11.03,254248,72384,177821,30.1,24,はい
410,18.0,26.0,200.0,0.85,5.0,0.85,北海道,239881,沖縄県,23054,10.41,239881,72384,177821,25.9,24,はい
411,18.0,26.0,200.0,0.85,5.0,0.95,北海道,223029,沖縄県,23054,9.67,223029,72384,177821,20.3,24,はい
412,18.0,26.0,200.0,0.85,5.7,0.78,北海道,254248,沖縄県,20134,12.63,254248,71437,177821,30.1,23,はい
413,18.0,26.0,200.0,0.85,5.7,0.85,北海道,239881,沖縄県,20134,11.91,239881,71437,177821,25.9,23,はい
414,18.0,26.0,200.0,0.85,5.7,0.95,北海道,223029,沖縄県,20134,11.08,223029,71437,177821,20.3,23,はい
415,18.0,26.0,200.0,1.0,4.3,0.78,北海道,216111,沖縄県,26839,8.05,216111,63880,151148,30.1,24,はい
416,18.0,26.0,200.0,1.0,4.3,0.85,北海道,203899,沖縄県,26839,7.6,203899,63880,151148,25.9,24,はい
417,18.0,26.0,200.0,1.0,4.3,0.95,北海道,189574,沖縄県,26839,7.06,189574,63880,151148,20.3,24,はい
418,18.0,26.0,200.0,1.0,5.0,0.78,北海道,216111,沖縄県,22839,9.46,216111,62585,151148,30.1,24,はい
419,18.0,26.0,200.0,1.0,5.0,0.85,北海道,203899,沖縄県,22839,8.93,203899,62585,151148,25.9,24,はい
420,18.0,26.0,200.0,1.0,5.0,0.95,北海道,189574,沖縄県,22839,8.3,189574,62585,151148,20.3,24,はい
421,18.0,26.0,200.0,1.0,5.7,0.78,北海道,216111,沖縄県,19919,10.85,216111,61638,151148,30.1,24,はい
422,18.0,26.0,200.0,1.0,5.7,0.85,北海道,203899,沖縄県,19919,10.24,203899,61638,151148,25.9,24,はい
423,18.0,26.0,200.0,1.0,5.7,0.95,北海道,189574,沖縄県,19919,9.52,189574,61638,151148,20.3,24,はい
424,18.0,26.0,200.0,1.15,4.3,0.78,北海道,187923,沖縄県,26680,7.04,187923,56638,131433,30.1,25,はい
425,18.0,26.0,200.0,1.15,4.3,0.85,北海道,177303,沖縄県,26680,6.65,177303,56638,131433,25.9,25,はい
426,18.0,26.0,200.0,1.15,4.3,0.95,北海道,164847,沖縄県,26680,6.18,164847,56638,131433,20.3,25,はい
427,18.0,26.0,200.0,1.15,5.0,0.78,北海道,187923,沖縄県,22680,8.29,187923,55343,131433,30.1,24,はい
428,18.0,26.0,200.0,1.15,5.0,0.85,北海道,177303,沖縄県,22680,7.82,177303,55343,131433,25.9,24,はい
429,18.0,26.0,200.0,1.15,5.0,0.95,北海道,164847,沖縄県,22680,7.27,164847,55343,131433,20.3,24,はい
430,18.0,26.0,200.0,1.15,5.7,0.78,北海道,187923,沖縄県,19761,9.51,187923,54396,131433,30.1,24,はい
431,18.0,26.0,200.0,1.15,5.7,0.85,北海道,177303,沖縄県,19761,8.97,177303,54396,131433,25.9,24,はい
432,18.0,26.0,200.0,1.15,5.7,0.95,北海道,164847,沖縄県,19761,8.34,164847,54396,131433,20.3,24,はい
433,18.0,26.0,234.6,0.85,4.3,0.78,北海道,298233,沖縄県,31734,9.4,298233,86425,208584,30.1,24,はい
434,18.0,26.0,234.6,0.85,4.3,0.85,北海道,281380,沖縄県,31734,8.87,281380,86425,208584,25.9,24,はい
435,18.0,26.0,234.6,0.85,4.3,0.95,北海道,261613,沖縄県,31734,8.24,261613,86425,208584,20.3,24,はい
436,18.0,26.0,234.6,0.85,5.0,0.78,北海道,298233,沖縄県,27042,11.03,298233,84906,208584,30.1,24,はい
437,18.0,26.0,234.6,0.85,5.0,0.85,北海道,281380,沖縄県,27042,10.41,281380,84906,208584,25.9,24,はい
438,18.0,26.0,234.6,0.85,5.0,0.95,北海道,261613,沖縄県,27042,9.67,261613,84906,208584,20.3,24,はい
439,18.0,26.0,234.6,0.85,5.7,0.78,北海道,298233,沖縄県,23617,12.63,298233,83795,208584,30.1,23,はい
440,18.0,26.0,234.6,0.85,5.7,0.85,北海道,281380,沖縄県,23617,11.91,281380,83795,208584,25.9,23,はい
441,18.0,26.0,234.6,0.85,5.7,0.95,北海道,261613,沖縄県,23617,11.08,261613,83795,208584,20.3,23,はい
442,18.0,26.0,234.6,1.0,4.3,0.78,北海道,253498,沖縄県,31482,8.05,253498,74932,177296,30.1,24,はい
443,18.0,26.0,234.6,1.0,4.3,0.85,北海道,239173,沖縄県,31482,7.6,239173,74932,177296,25.9,24,はい
444,18.0,26.0,234.6,1.0,4.3,0.95,北海道,222371,沖縄県,31482,7.06,222371,74932,177296,20.3,24,はい
445,18.0,26.0,234.6,1.0,5.0,0.78,北海道,253498,沖縄県,26790,9.46,253498,73413,177296,30.1,24,はい
446,18.0,26.0,234.6,1.0,5.0,0.85,北海道,239173,沖縄県,26790,8.93,239173,73413,177296,25.9,24,はい
447,18.0,26.0,234.6,1.0,5.0,0.95,北海道,222371,沖縄県,26790,8.3,222371,73413,177296,20.3,24,はい
448,18.0,26.0,234.6,1.0,5.7,0.78,北海道,253498,沖縄県,23366,10.85,253498,72301,177296,30.1,24,はい
449,18.0,26.0,234.6,1.0,5.7,0.85,北海道,239173,沖縄県,23366,10.24,239173,72301,177296,25.9,24,はい
450,18.0,26.0,234.6,1.0,5.7,0.95,北海道,222371,沖縄県,23366,9.52,222371,72301,177296,20.3,24,はい
451,18.0,26.0,234.6,1.15,4.3,0.78,北海道,220433,沖縄県,31296,7.04,220433,66436,154171,30.1,25,はい
452,18.0,26.0,234.6,1.15,4.3,0.85,北海道,207977,沖縄県,31296,6.65,207977,66436,154171,25.9,25,はい
453,18.0,26.0,234.6,1.15,4.3,0.95,北海道,193366,沖縄県,31296,6.18,193366,66436,154171,20.3,25,はい
454,18.0,26.0,234.6,1.15,5.0,0.78,北海道,220433,沖縄県,26604,8.29,220433,64917,154171,30.1,24,はい
455,18.0,26.0,234.6,1.15,5.0,0.85,北海道,207977,沖縄県,26604,7.82,207977,64917,154171,25.9,24,はい
456,18.0,26.0,234.6,1.15,5.0,0.95,北海道,193366,沖縄県,26604,7.27,193366,64917,154171,20.3,24,はい
457,18.0,26.0,234.6,1.15,5.7,0.78,北海道,220433,沖縄県,23180,9.51,220433,63806,154171,30.1,24,はい
458,18.0,26.0,234.6,1.15,5.7,0.85,北海道,207977,沖縄県,23180,8.97,207977,63806,154171,25.9,24,はい
459,18.0,26.0,234.6,1.15,5.7,0.95,北海道,193366,沖縄県,23180,8.34,193366,63806,154171,20.3,24,はい
460,18.0,26.0,270.0,0.85,4.3,0.78,北海道,343235,沖縄県,36522,9.4,343235,99467,240058,30.1,24,はい
461,18.0,26.0,270.0,0.85,4.3,0.85,北海道,323839,沖縄県,36522,8.87,323839,99467,240058,25.9,24,はい
462,18.0,26.0,270.0,0.85,4.3,0.95,北海道,301089,沖縄県,36522,8.24,301089,99467,240058,20.3,24,はい
463,18.0,26.0,270.0,0.85,5.0,0.78,北海道,343235,沖縄県,31122,11.03,343235,97718,240058,30.1,24,はい
464,18.0,26.0,270.0,0.85,5.0,0.85,北海道,323839,沖縄県,31122,10.41,323839,97718,240058,25.9,24,はい
465,18.0,26.0,270.0,0.85,5.0,0.95,北海道,301089,沖縄県,31122,9.67,301089,97718,240058,20.3,24,はい
466,18.0,26.0,270.0,0.85,5.7,0.78,北海道,343235,沖縄県,27181,12.63,343235,96440,240058,30.1,23,はい
467,18.0,26.0,270.0,0.85,5.7,0.85,北海道,323839,沖縄県,27181,11.91,323839,96440,240058,25.9,23,はい
468,18.0,26.0,270.0,0.85,5.7,0.95,北海道,301089,沖縄県,27181,11.08,301089,96440,240058,20.3,23,はい
469,18.0,26.0,270.0,1.0,4.3,0.78,北海道,291750,沖縄県,36233,8.05,291750,86238,204050,30.1,24,はい
470,18.0,26.0,270.0,1.0,4.3,0.85,北海道,275263,沖縄県,36233,7.6,275263,86238,204050,25.9,24,はい
471,18.0,26.0,270.0,1.0,4.3,0.95,北海道,255926,沖縄県,36233,7.06,255926,86238,204050,20.3,24,はい
472,18.0,26.0,270.0,1.0,5.0,0.78,北海道,291750,沖縄県,30833,9.46,291750,84490,204050,30.1,24,はい
473,18.0,26.0,270.0,1.0,5.0,0.85,北海道,275263,沖縄県,30833,8.93,275263,84490,204050,25.9,24,はい
474,18.0,26.0,270.0,1.0,5.0,0.95,北海道,255926,沖縄県,30833,8.3,255926,84490,204050,20.3,24,はい
475,18.0,26.0,270.0,1.0,5.7,0.78,北海道,291750,沖縄県,26891,10.85,291750,83211,204050,30.1,24,はい
476,18.0,26.0,270.0,1.0,5.7,0.85,北海道,275263,沖縄県,26891,10.24,275263,83211,204050,25.9,24,はい
477,18.0,26.0,270.0,1.0,5.7,0.95,北海道,255926,沖縄県,26891,9.52,255926,83211,204050,20.3,24,はい
478,18.0,26.0,270.0,1.15,4.3,0.78,北海道,253696,沖縄県,36019,7.04,253696,76461,177435,30.1,25,はい
479,18.0,26.0,270.0,1.15,4.3,0.85,北海道,239359,沖縄県,36019,6.65,239359,76461,177435,25.9,25,はい
480,18.0,26.0,270.0,1.15,4.3,0.95,北海道,222544,沖縄県,36019,6.18,222544,76461,177435,20.3,25,はい
481,18.0,26.0,270.0,1.15,5.0,0.78,北海道,253696,沖縄県,30619,8.29,253696,74713,177435,30.1,24,はい
482,18.0,26.0,270.0,1.15,5.0,0.85,北海道,239359,沖縄県,30619,7.82,239359,74713,177435,25.9,24,はい
483,18.0,26.0,270.0,1.15,5.0,0.95,北海道,222544,沖縄県,30619,7.27,222544,74713,177435,20.3,24,はい
484,18.0,26.0,270.0,1.15,5.7,0.78,北海道,253696,沖縄県,26677,9.51,253696,73434,177435,30.1,24,はい
485,18.0,26.0,270.0,1.15,5.7,0.85,北海道,239359,沖縄県,26677,8.97,239359,73434,177435,25.9,24,はい
486,18.0,26.0,270.0,1.15,5.7,0.95,北海道,222544,沖縄県,26677,8.34,222544,73434,177435,20.3,24,はい
487,20.0,23.0,200.0,0.85,4.3,0.78,北海道,293773,鹿児島県,60720,4.84,293773,106169,210672,28.3,23,はい
488,20.0,23.0,200.0,0.85,4.3,0.85,北海道,277945,鹿児島県,60720,4.58,277945,106169,210672,24.2,23,はい
489,20.0,23.0,200.0,0.85,4.3,0.95,北海道,259380,鹿児島県,60720,4.27,259380,106169,210672,18.8,23,はい
490,20.0,23.0,200.0,0.85,5.0,0.78,北海道,293381,沖縄県,55274,5.31,293381,102792,210280,28.3,23,はい
491,20.0,23.0,200.0,0.85,5.0,0.85,北海道,277553,沖縄県,55274,5.02,277553,102792,210280,24.2,23,はい
492,20.0,23.0,200.0,0.85,5.0,0.95,北海道,258988,沖縄県,55274,4.69,258988,102792,210280,18.8,23,はい
493,20.0,23.0,200.0,0.85,5.7,0.78,北海道,293087,沖縄県,48839,6.0,293087,100311,209985,28.4,23,はい
494,20.0,23.0,200.0,0.85,5.7,0.85,北海道,277259,沖縄県,48839,5.68,277259,100311,209985,24.3,23,はい
495,20.0,23.0,200.0,0.85,5.7,0.95,北海道,258694,沖縄県,48839,5.3,258694,100311,209985,18.8,23,はい
496,20.0,23.0,200.0,1.0,4.3,0.78,北海道,250121,宮崎県,54727,4.57,250121,93555,179485,28.2,24,はい
497,20.0,23.0,200.0,1.0,4.3,0.85,北海道,236668,宮崎県,54727,4.32,236668,93555,179485,24.2,24,はい
498,20.0,23.0,200.0,1.0,4.3,0.95,北海道,220887,宮崎県,54727,4.04,220887,93555,179485,18.7,24,はい
499,20.0,23.0,200.0,1.0,5.0,0.78,北海道,249729,鹿児島県,51488,4.85,249729,90178,179093,28.3,23,はい
500,20.0,23.0,200.0,1.0,5.0,0.85,北海道,236276,鹿児島県,51488,4.59,236276,90178,179093,24.2,23,はい
501,20.0,23.0,200.0,1.0,5.0,0.95,北海道,220495,鹿児島県,51488,4.28,220495,90178,179093,18.8,23,はい
502,20.0,23.0,200.0,1.0,5.7,0.78,北海道,249435,沖縄県,47760,5.22,249435,87698,178799,28.3,23,はい
503,20.0,23.0,200.0,1.0,5.7,0.85,北海道,235981,沖縄県,47760,4.94,235981,87698,178799,24.2,23,はい
504,20.0,23.0,200.0,1.0,5.7,0.95,北海道,220201,沖縄県,47760,4.61,220201,87698,178799,18.8,23,はい
505,20.0,23.0,200.0,1.15,4.3,0.78,北海道,217857,宮崎県,50061,4.35,217857,84232,156434,28.2,24,はい
506,20.0,23.0,200.0,1.15,4.3,0.85,北海道,206158,宮崎県,50061,4.12,206158,84232,156434,24.1,24,はい
507,20.0,23.0,200.0,1.15,4.3,0.95,北海道,192436,宮崎県,50061,3.84,192436,84232,156434,18.7,24,はい
508,20.0,23.0,200.0,1.15,5.0,0.78,北海道,217465,宮崎県,47131,4.61,217465,80855,156042,28.2,24,はい
509,20.0,23.0,200.0,1.15,5.0,0.85,北海道,205766,宮崎県,47131,4.37,205766,80855,156042,24.2,24,はい
510,20.0,23.0,200.0,1.15,5.0,0.95,北海道,192044,宮崎県,47131,4.07,192044,80855,156042,18.7,24,はい
511,20.0,23.0,200.0,1.15,5.7,0.78,北海道,217170,鹿児島県,44694,4.86,217170,78374,155748,28.3,23,はい
512,20.0,23.0,200.0,1.15,5.7,0.85,北海道,205471,鹿児島県,44694,4.6,205471,78374,155748,24.2,23,はい
513,20.0,23.0,200.0,1.15,5.7,0.95,北海道,191749,鹿児島県,44694,4.29,191749,78374,155748,18.8,23,はい
514,20.0,23.0,234.6,0.85,4.3,0.78,北海道,344596,鹿児島県,71225,4.84,344596,124536,247118,28.3,23,はい
515,20.0,23.0,234.6,0.85,4.3,0.85,北海道,326030,鹿児島県,71225,4.58,326030,124536,247118,24.2,23,はい
516,20.0,23.0,234.6,0.85,4.3,0.95,北海道,304253,鹿児島県,71225,4.27,304253,124536,247118,18.8,23,はい
517,20.0,23.0,234.6,0.85,5.0,0.78,北海道,344136,沖縄県,64837,5.31,344136,120575,246658,28.3,23,はい
518,20.0,23.0,234.6,0.85,5.0,0.85,北海道,325570,沖縄県,64837,5.02,325570,120575,246658,24.2,23,はい
519,20.0,23.0,234.6,0.85,5.0,0.95,北海道,303793,沖縄県,64837,4.69,303793,120575,246658,18.8,23,はい
520,20.0,23.0,234.6,0.85,5.7,0.78,北海道,343791,沖縄県,57288,6.0,343791,117665,246313,28.4,23,はい
521,20.0,23.0,234.6,0.85,5.7,0.85,北海道,325225,沖縄県,57288,5.68,325225,117665,246313,24.3,23,はい
522,20.0,23.0,234.6,0.85,5.7,0.95,北海道,303448,沖縄県,57288,5.3,303448,117665,246313,18.8,23,はい
523,20.0,23.0,234.6,1.0,4.3,0.78,北海道,293392,宮崎県,64195,4.57,293392,109740,210536,28.2,24,はい
524,20.0,23.0,234.6,1.0,4.3,0.85,北海道,277611,宮崎県,64195,4.32,277611,109740,210536,24.2,24,はい
525,20.0,23.0,234.6,1.0,4.3,0.95,北海道,259101,宮崎県,64195,4.04,259101,109740,210536,18.7,24,はい
526,20.0,23.0,234.6,1.0,5.0,0.78,北海道,292933,鹿児島県,60395,4.85,292933,105779,210076,28.3,23,はい
527,20.0,23.0,234.6,1.0,5.0,0.85,北海道,277151,鹿児島県,60395,4.59,277151,105779,210076,24.2,23,はい
528,20.0,23.0,234.6,1.0,5.0,0.95,北海道,258641,鹿児島県,60395,4.28,258641,105779,210076,18.8,23,はい
529,20.0,23.0,234.6,1.0,5.7,0.78,北海道,292587,沖縄県,56023,5.22,292587,102869,209731,28.3,23,はい
530,20.0,23.0,234.6,1.0,5.7,0.85,北海道,276806,沖縄県,56023,4.94,276806,102869,209731,24.2,23,はい
531,20.0,23.0,234.6,1.0,5.7,0.95,北海道,258295,沖縄県,56023,4.61,258295,102869,209731,18.8,23,はい
532,20.0,23.0,234.6,1.15,4.3,0.78,北海道,255546,宮崎県,58722,4.35,255546,98804,183497,28.2,24,はい
533,20.0,23.0,234.6,1.15,4.3,0.85,北海道,241823,宮崎県,58722,4.12,241823,98804,183497,24.1,24,はい
534,20.0,23.0,234.6,1.15,4.3,0.95,北海道,225727,宮崎県,58722,3.84,225727,98804,183497,18.7,24,はい
535,20.0,23.0,234.6,1.15,5.0,0.78,北海道,255086,宮崎県,55284,4.61,255086,94843,183037,28.2,24,はい
536,20.0,23.0,234.6,1.15,5.0,0.85,北海道,241363,宮崎県,55284,4.37,241363,94843,183037,24.2,24,はい
537,20.0,23.0,234.6,1.15,5.0,0.95,北海道,225267,宮崎県,55284,4.07,225267,94843,183037,18.7,24,はい
538,20.0,23.0,234.6,1.15,5.7,0.78,北海道,254741,鹿児島県,52426,4.86,254741,91933,182692,28.3,23,はい
539,20.0,23.0,234.6,1.15,5.7,0.85,北海道,241018,鹿児島県,52426,4.6,241018,91933,182692,24.2,23,はい
540,20.0,23.0,234.6,1.15,5.7,0.95,北海道,224922,鹿児島県,52426,4.29,224922,91933,182692,18.8,23,はい
541,20.0,23.0,270.0,0.85,4.3,0.78,北海道,396594,鹿児島県,81972,4.84,396594,143328,284407,28.3,23,はい
542,20.0,23.0,270.0,0.85,4.3,0.85,北海道,375226,鹿児島県,81972,4.58,375226,143328,284407,24.2,23,はい
543,20.0,23.0,270.0,0.85,4.3,0.95,北海道,350163,鹿児島県,81972,4.27,350163,143328,284407,18.8,23,はい
544,20.0,23.0,270.0,0.85,5.0,0.78,北海道,396065,沖縄県,74620,5.31,396065,138769,283878,28.3,23,はい
545,20.0,23.0,270.0,0.85,5.0,0.85,北海道,374697,沖縄県,74620,5.02,374697,138769,283878,24.2,23,はい
546,20.0,23.0,270.0,0.85,5.0,0.95,北海道,349634,沖縄県,74620,4.69,349634,138769,283878,18.8,23,はい
547,20.0,23.0,270.0,0.85,5.7,0.78,北海道,395667,沖縄県,65932,6.0,395667,135420,283480,28.4,23,はい
548,20.0,23.0,270.0,0.85,5.7,0.85,北海道,374299,沖縄県,65932,5.68,374299,135420,283480,24.3,23,はい
549,20.0,23.0,270.0,0.85,5.7,0.95,北海道,349236,沖縄県,65932,5.3,349236,135420,283480,18.8,23,はい
550,20.0,23.0,270.0,1.0,4.3,0.78,北海道,337664,宮崎県,73881,4.57,337664,126300,242305,28.2,24,はい
551,20.0,23.0,270.0,1.0,4.3,0.85,北海道,319501,宮崎県,73881,4.32,319501,126300,242305,24.2,24,はい
552,20.0,23.0,270.0,1.0,4.3,0.95,北海道,298198,宮崎県,73881,4.04,298198,126300,242305,18.7,24,はい
553,20.0,23.0,270.0,1.0,5.0,0.78,北海道,337135,鹿児島県,69509,4.85,337135,121740,241776,28.3,23,はい
554,20.0,23.0,270.0,1.0,5.0,0.85,北海道,318972,鹿児島県,69509,4.59,318972,121740,241776,24.2,23,はい
555,20.0,23.0,270.0,1.0,5.0,0.95,北海道,297669,鹿児島県,69509,4.28,297669,121740,241776,18.8,23,はい
556,20.0,23.0,270.0,1.0,5.7,0.78,北海道,336737,沖縄県,64476,5.22,336737,118392,241378,28.3,23,はい
557,20.0,23.0,270.0,1.0,5.7,0.85,北海道,318574,沖縄県,64476,4.94,318574,118392,241378,24.2,23,はい
558,20.0,23.0,270.0,1.0,5.7,0.95,北海道,297271,沖縄県,64476,4.61,297271,118392,241378,18.8,23,はい
559,20.0,23.0,270.0,1.15,4.3,0.78,北海道,294107,宮崎県,67582,4.35,294107,113713,211186,28.2,24,はい
560,20.0,23.0,270.0,1.15,4.3,0.85,北海道,278313,宮崎県,67582,4.12,278313,113713,211186,24.1,24,はい
561,20.0,23.0,270.0,1.15,4.3,0.95,北海道,259788,宮崎県,67582,3.84,259788,113713,211186,18.7,24,はい
562,20.0,23.0,270.0,1.15,5.0,0.78,北海道,293578,宮崎県,63626,4.61,293578,109154,210657,28.2,24,はい
563,20.0,23.0,270.0,1.15,5.0,0.85,北海道,277784,宮崎県,63626,4.37,277784,109154,210657,24.2,24,はい
564,20.0,23.0,270.0,1.15,5.0,0.95,北海道,259259,宮崎県,63626,4.07,259259,109154,210657,18.7,24,はい
565,20.0,23.0,270.0,1.15,5.7,0.78,北海道,293180,鹿児島県,60337,4.86,293180,105805,210259,28.3,23,はい
566,20.0,23.0,270.0,1.15,5.7,0.85,北海道,277387,鹿児島県,60337,4.6,277387,105805,210259,24.2,23,はい
567,20.0,23.0,270.0,1.15,5.7,0.95,北海道,258862,鹿児島県,60337,4.29,258862,105805,210259,18.8,23,はい
568,20.0,24.0,200.0,0.85,4.3,0.78,北海道,292149,沖縄県,51948,5.62,292149,101594,209048,28.4,23,はい
569,20.0,24.0,200.0,0.85,4.3,0.85,北海道,276321,沖縄県,51948,5.32,276321,101594,209048,24.3,23,はい
570,20.0,24.0,200.0,0.85,4.3,0.95,北海道,257756,沖縄県,51948,4.96,257756,101594,209048,18.9,23,はい
571,20.0,24.0,200.0,0.85,5.0,0.78,北海道,291988,沖縄県,44991,6.49,291988,98911,208887,28.5,23,はい
572,20.0,24.0,200.0,0.85,5.0,0.85,北海道,276160,沖縄県,44991,6.14,276160,98911,208887,24.4,23,はい
573,20.0,24.0,200.0,0.85,5.0,0.95,北海道,257595,沖縄県,44991,5.73,257595,98911,208887,18.9,23,はい
574,20.0,24.0,200.0,0.85,5.7,0.78,北海道,291867,沖縄県,39907,7.31,291867,96942,208765,28.5,23,はい
575,20.0,24.0,200.0,0.85,5.7,0.85,北海道,276039,沖縄県,39907,6.92,276039,96942,208765,24.4,23,はい
576,20.0,24.0,200.0,0.85,5.7,0.95,北海道,257474,沖縄県,39907,6.45,257474,96942,208765,18.9,23,はい
577,20.0,24.0,200.0,1.0,4.3,0.78,北海道,248498,鹿児島県,49981,4.97,248498,88981,177861,28.4,24,はい
578,20.0,24.0,200.0,1.0,4.3,0.85,北海道,235044,鹿児島県,49981,4.7,235044,88981,177861,24.3,24,はい
579,20.0,24.0,200.0,1.0,4.3,0.95,北海道,219263,鹿児島県,49981,4.39,219263,88981,177861,18.9,24,はい
580,20.0,24.0,200.0,1.0,5.0,0.78,北海道,248336,沖縄県,43912,5.66,248336,86298,177700,28.4,23,はい
581,20.0,24.0,200.0,1.0,5.0,0.85,北海道,234882,沖縄県,43912,5.35,234882,86298,177700,24.3,23,はい
582,20.0,24.0,200.0,1.0,5.0,0.95,北海道,219102,沖縄県,43912,4.99,219102,86298,177700,18.9,23,はい
583,20.0,24.0,200.0,1.0,5.7,0.78,北海道,248215,沖縄県,38828,6.39,248215,84328,177579,28.5,23,はい
584,20.0,24.0,200.0,1.0,5.7,0.85,北海道,234761,沖縄県,38828,6.05,234761,84328,177579,24.4,23,はい
585,20.0,24.0,200.0,1.0,5.7,0.95,北海道,218981,沖縄県,38828,5.64,218981,84328,177579,18.9,23,はい
586,20.0,24.0,200.0,1.15,4.3,0.78,北海道,216233,鹿児島県,45922,4.71,216233,79658,154810,28.4,24,はい
587,20.0,24.0,200.0,1.15,4.3,0.85,北海道,204534,鹿児島県,45922,4.45,204534,79658,154810,24.3,24,はい
588,20.0,24.0,200.0,1.15,4.3,0.95,北海道,190812,鹿児島県,45922,4.16,190812,79658,154810,18.9,24,はい
589,20.0,24.0,200.0,1.15,5.0,0.78,北海道,216072,鹿児島県,42976,5.03,216072,76974,154649,28.4,24,はい
590,20.0,24.0,200.0,1.15,5.0,0.85,北海道,204373,鹿児島県,42976,4.76,204373,76974,154649,24.3,24,はい
591,20.0,24.0,200.0,1.15,5.0,0.95,北海道,190651,鹿児島県,42976,4.44,190651,76974,154649,18.9,24,はい
592,20.0,24.0,200.0,1.15,5.7,0.78,北海道,215950,沖縄県,38031,5.68,215950,75005,154528,28.4,23,はい
593,20.0,24.0,200.0,1.15,5.7,0.85,北海道,204251,沖縄県,38031,5.37,204251,75005,154528,24.3,23,はい
594,20.0,24.0,200.0,1.15,5.7,0.95,北海道,190529,沖縄県,38031,5.01,190529,75005,154528,18.9,23,はい
595,20.0,24.0,234.6,0.85,4.3,0.78,北海道,342691,沖縄県,60935,5.62,342691,119170,245213,28.4,23,はい
596,20.0,24.0,234.6,0.85,4.3,0.85,北海道,324125,沖縄県,60935,5.32,324125,119170,245213,24.3,23,はい
597,20.0,24.0,234.6,0.85,4.3,0.95,北海道,302348,沖縄県,60935,4.96,302348,119170,245213,18.9,23,はい
598,20.0,24.0,234.6,0.85,5.0,0.78,北海道,342502,沖縄県,52775,6.49,342502,116023,245024,28.5,23,はい
599,20.0,24.0,234.6,0.85,5.0,0.85,北海道,323936,沖縄県,52775,6.14,323936,116023,245024,24.4,23,はい
600,20.0,24.0,234.6,0.85,5.0,0.95,北海道,302159,沖縄県,52775,5.73,302159,116023,245024,18.9,23,はい
601,20.0,24.0,234.6,0.85,5.7,0.78,北海道,342360,沖縄県,46810,7.31,342360,113713,244882,28.5,23,はい
602,20.0,24.0,234.6,0.85,5.7,0.85,北海道,323794,沖縄県,46810,6.92,323794,113713,244882,24.4,23,はい
603,20.0,24.0,234.6,0.85,5.7,0.95,北海道,302017,沖縄県,46810,6.45,302017,113713,244882,18.9,23,はい
604,20.0,24.0,234.6,1.0,4.3,0.78,北海道,291488,鹿児島県,58628,4.97,291488,104374,208631,28.4,24,はい
605,20.0,24.0,234.6,1.0,4.3,0.85,北海道,275706,鹿児島県,58628,4.7,275706,104374,208631,24.3,24,はい
606,20.0,24.0,234.6,1.0,4.3,0.95,北海道,257196,鹿児島県,58628,4.39,257196,104374,208631,18.9,24,はい
607,20.0,24.0,234.6,1.0,5.0,0.78,北海道,291298,沖縄県,51509,5.66,291298,101227,208442,28.4,23,はい
608,20.0,24.0,234.6,1.0,5.0,0.85,北海道,275517,沖縄県,51509,5.35,275517,101227,208442,24.3,23,はい
609,20.0,24.0,234.6,1.0,5.0,0.95,北海道,257007,沖縄県,51509,4.99,257007,101227,208442,18.9,23,はい
610,20.0,24.0,234.6,1.0,5.7,0.78,北海道,291156,沖縄県,45545,6.39,291156,98917,208300,28.5,23,はい
611,20.0,24.0,234.6,1.0,5.7,0.85,北海道,275375,沖縄県,45545,6.05,275375,98917,208300,24.4,23,はい
612,20.0,24.0,234.6,1.0,5.7,0.95,北海道,256864,沖縄県,45545,5.64,256864,98917,208300,18.9,23,はい
613,20.0,24.0,234.6,1.15,4.3,0.78,北海道,253641,鹿児島県,53866,4.71,253641,93438,181592,28.4,24,はい
614,20.0,24.0,234.6,1.15,4.3,0.85,北海道,239919,鹿児島県,53866,4.45,239919,93438,181592,24.3,24,はい
615,20.0,24.0,234.6,1.15,4.3,0.95,北海道,223823,鹿児島県,53866,4.16,223823,93438,181592,18.9,24,はい
616,20.0,24.0,234.6,1.15,5.0,0.78,北海道,253452,鹿児島県,50410,5.03,253452,90291,181403,28.4,24,はい
617,20.0,24.0,234.6,1.15,5.0,0.85,北海道,239729,鹿児島県,50410,4.76,239729,90291,181403,24.3,24,はい
618,20.0,24.0,234.6,1.15,5.0,0.95,北海道,223633,鹿児島県,50410,4.44,223633,90291,181403,18.9,24,はい
619,20.0,24.0,234.6,1.15,5.7,0.78,北海道,253310,沖縄県,44610,5.68,253310,87981,181261,28.4,23,はい
620,20.0,24.0,234.6,1.15,5.7,0.85,北海道,239587,沖縄県,44610,5.37,239587,87981,181261,24.3,23,はい
621,20.0,24.0,234.6,1.15,5.7,0.95,北海道,223491,沖縄県,44610,5.01,223491,87981,181261,18.9,23,はい
622,20.0,24.0,270.0,0.85,4.3,0.78,北海道,394402,沖縄県,70130,5.62,394402,137153,282215,28.4,23,はい
623,20.0,24.0,270.0,0.85,4.3,0.85,北海道,373034,沖縄県,70130,5.32,373034,137153,282215,24.3,23,はい
624,20.0,24.0,270.0,0.85,4.3,0.95,北海道,347971,沖縄県,70130,4.96,347971,137153,282215,18.9,23,はい
625,20.0,24.0,270.0,0.85,5.0,0.78,北海道,394184,沖縄県,60738,6.49,394184,133530,281997,28.5,23,はい
626,20.0,24.0,270.0,0.85,5.0,0.85,北海道,372816,沖縄県,60738,6.14,372816,133530,281997,24.4,23,はい
627,20.0,24.0,270.0,0.85,5.0,0.95,北海道,347753,沖縄県,60738,5.73,347753,133530,281997,18.9,23,はい
628,20.0,24.0,270.0,0.85,5.7,0.78,北海道,394020,沖縄県,53874,7.31,394020,130872,281833,28.5,23,はい
629,20.0,24.0,270.0,0.85,5.7,0.85,北海道,372652,沖縄県,53874,6.92,372652,130872,281833,24.4,23,はい
630,20.0,24.0,270.0,0.85,5.7,0.95,北海道,347589,沖縄県,53874,6.45,347589,130872,281833,18.9,23,はい
631,20.0,24.0,270.0,1.0,4.3,0.78,北海道,335472,鹿児島県,67475,4.97,335472,120124,240113,28.4,24,はい
632,20.0,24.0,270.0,1.0,4.3,0.85,北海道,317309,鹿児島県,67475,4.7,317309,120124,240113,24.3,24,はい
633,20.0,24.0,270.0,1.0,4.3,0.95,北海道,296006,鹿児島県,67475,4.39,296006,120124,240113,18.9,24,はい
634,20.0,24.0,270.0,1.0,5.0,0.78,北海道,335254,沖縄県,59282,5.66,335254,116502,239895,28.4,23,はい
635,20.0,24.0,270.0,1.0,5.0,0.85,北海道,317091,沖縄県,59282,5.35,317091,116502,239895,24.3,23,はい
636,20.0,24.0,270.0,1.0,5.0,0.95,北海道,295788,沖縄県,59282,4.99,295788,116502,239895,18.9,23,はい
637,20.0,24.0,270.0,1.0,5.7,0.78,北海道,335090,沖縄県,52418,6.39,335090,113843,239731,28.5,23,はい
638,20.0,24.0,270.0,1.0,5.7,0.85,北海道,316927,沖縄県,52418,6.05,316927,113843,239731,24.4,23,はい
639,20.0,24.0,270.0,1.0,5.7,0.95,北海道,295624,沖縄県,52418,5.64,295624,113843,239731,18.9,23,はい
640,20.0,24.0,270.0,1.15,4.3,0.78,北海道,291915,鹿児島県,61995,4.71,291915,107538,208994,28.4,24,はい
641,20.0,24.0,270.0,1.15,4.3,0.85,北海道,276121,鹿児島県,61995,4.45,276121,107538,208994,24.3,24,はい
642,20.0,24.0,270.0,1.15,4.3,0.95,北海道,257596,鹿児島県,61995,4.16,257596,107538,208994,18.9,24,はい
643,20.0,24.0,270.0,1.15,5.0,0.78,北海道,291697,鹿児島県,58017,5.03,291697,103916,208776,28.4,24,はい
644,20.0,24.0,270.0,1.15,5.0,0.85,北海道,275903,鹿児島県,58017,4.76,275903,103916,208776,24.3,24,はい
645,20.0,24.0,270.0,1.15,5.0,0.95,北海道,257378,鹿児島県,58017,4.44,257378,103916,208776,18.9,24,はい
646,20.0,24.0,270.0,1.15,5.7,0.78,北海道,291533,沖縄県,51341,5.68,291533,101257,208612,28.4,23,はい
647,20.0,24.0,270.0,1.15,5.7,0.85,北海道,275740,沖縄県,51341,5.37,275740,101257,208612,24.3,23,はい
648,20.0,24.0,270.0,1.15,5.7,0.95,北海道,257215,沖縄県,51341,5.01,257215,101257,208612,18.9,23,はい
649,20.0,26.0,200.0,0.85,4.3,0.78,北海道,291013,沖縄県,32815,8.87,291013,92445,207911,28.6,23,はい
650,20.0,26.0,200.0,0.85,4.3,0.85,北海道,275185,沖縄県,32815,8.39,275185,92445,207911,24.4,23,はい
651,20.0,26.0,200.0,0.85,4.3,0.95,北海道,256620,沖縄県,32815,7.82,256620,92445,207911,19.0,23,はい
652,20.0,26.0,200.0,0.85,5.0,0.78,北海道,291013,沖縄県,28815,10.1,291013,91150,207911,28.6,23,はい
653,20.0,26.0,200.0,0.85,5.0,0.85,北海道,275185,沖縄県,28815,9.55,275185,91150,207911,24.4,23,はい
654,20.0,26.0,200.0,0.85,5.0,0.95,北海道,256620,沖縄県,28815,8.91,256620,91150,207911,19.0,23,はい
655,20.0,26.0,200.0,0.85,5.7,0.78,北海道,291013,沖縄県,25895,11.24,291013,90203,207911,28.6,23,はい
656,20.0,26.0,200.0,0.85,5.7,0.85,北海道,275185,沖縄県,25895,10.63,275185,90203,207911,24.4,23,はい
657,20.0,26.0,200.0,0.85,5.7,0.95,北海道,256620,沖縄県,25895,9.91,256620,90203,207911,19.0,23,はい
658,20.0,26.0,200.0,1.0,4.3,0.78,北海道,247361,沖縄県,31736,7.79,247361,79832,176725,28.6,24,はい
659,20.0,26.0,200.0,1.0,4.3,0.85,北海道,233907,沖縄県,31736,7.37,233907,79832,176725,24.4,24,はい
660,20.0,26.0,200.0,1.0,4.3,0.95,北海道,218127,沖縄県,31736,6.87,218127,79832,176725,19.0,24,はい
661,20.0,26.0,200.0,1.0,5.0,0.78,北海道,247361,沖縄県,27736,8.92,247361,78537,176725,28.6,23,はい
662,20.0,26.0,200.0,1.0,5.0,0.85,北海道,233907,沖縄県,27736,8.43,233907,78537,176725,24.4,23,はい
663,20.0,26.0,200.0,1.0,5.0,0.95,北海道,218127,沖縄県,27736,7.86,218127,78537,176725,19.0,23,はい
664,20.0,26.0,200.0,1.0,5.7,0.78,北海道,247361,沖縄県,24816,9.97,247361,77590,176725,28.6,23,はい
665,20.0,26.0,200.0,1.0,5.7,0.85,北海道,233907,沖縄県,24816,9.43,233907,77590,176725,24.4,23,はい
666,20.0,26.0,200.0,1.0,5.7,0.95,北海道,218127,沖縄県,24816,8.79,218127,77590,176725,19.0,23,はい
667,20.0,26.0,200.0,1.15,4.3,0.78,北海道,215096,沖縄県,30939,6.95,215096,70509,153674,28.6,24,はい
668,20.0,26.0,200.0,1.15,4.3,0.85,北海道,203397,沖縄県,30939,6.57,203397,70509,153674,24.4,24,はい
669,20.0,26.0,200.0,1.15,4.3,0.95,北海道,189675,沖縄県,30939,6.13,189675,70509,153674,19.0,24,はい
670,20.0,26.0,200.0,1.15,5.0,0.78,北海道,215096,沖縄県,26939,7.98,215096,69214,153674,28.6,23,はい
671,20.0,26.0,200.0,1.15,5.0,0.85,北海道,203397,沖縄県,26939,7.55,203397,69214,153674,24.4,23,はい
672,20.0,26.0,200.0,1.15,5.0,0.95,北海道,189675,沖縄県,26939,7.04,189675,69214,153674,19.0,23,はい
673,20.0,26.0,200.0,1.15,5.7,0.78,北海道,215096,沖縄県,24019,8.96,215096,68266,153674,28.6,23,はい
674,20.0,26.0,200.0,1.15,5.7,0.85,北海道,203397,沖縄県,24019,8.47,203397,68266,153674,24.4,23,はい
675,20.0,26.0,200.0,1.15,5.7,0.95,北海道,189675,沖縄県,24019,7.9,189675,68266,153674,19.0,23,はい
676,20.0,26.0,234.6,0.85,4.3,0.78,北海道,341358,沖縄県,38491,8.87,341358,108438,243880,28.6,23,はい
677,20.0,26.0,234.6,0.85,4.3,0.85,北海道,322792,沖縄県,38491,8.39,322792,108438,243880,24.4,23,はい
678,20.0,26.0,234.6,0.85,4.3,0.95,北海道,301015,沖縄県,38491,7.82,301015,108438,243880,19.0,23,はい
679,20.0,26.0,234.6,0.85,5.0,0.78,北海道,341358,沖縄県,33799,10.1,341358,106919,243880,28.6,23,はい
680,20.0,26.0,234.6,0.85,5.0,0.85,北海道,322792,沖縄県,33799,9.55,322792,106919,243880,24.4,23,はい
681,20.0,26.0,234.6,0.85,5.0,0.95,北海道,301015,沖縄県,33799,8.91,301015,106919,243880,19.0,23,はい
682,20.0,26.0,234.6,0.85,5.7,0.78,北海道,341358,沖縄県,30375,11.24,341358,105808,243880,28.6,23,はい
683,20.0,26.0,234.6,0.85,5.7,0.85,北海道,322792,沖縄県,30375,10.63,322792,105808,243880,24.4,23,はい
684,20.0,26.0,234.6,0.85,5.7,0.95,北海道,301015,沖縄県,30375,9.91,301015,105808,243880,19.0,23,はい
685,20.0,26.0,234.6,1.0,4.3,0.78,北海道,290154,沖縄県,37226,7.79,290154,93643,207298,28.6,24,はい
686,20.0,26.0,234.6,1.0,4.3,0.85,北海道,274373,沖縄県,37226,7.37,274373,93643,207298,24.4,24,はい
687,20.0,26.0,234.6,1.0,4.3,0.95,北海道,255863,沖縄県,37226,6.87,255863,93643,207298,19.0,24,はい
688,20.0,26.0,234.6,1.0,5.0,0.78,北海道,290154,沖縄県,32534,8.92,290154,92124,207298,28.6,23,はい
689,20.0,26.0,234.6,1.0,5.0,0.85,北海道,274373,沖縄県,32534,8.43,274373,92124,207298,24.4,23,はい
690,20.0,26.0,234.6,1.0,5.0,0.95,北海道,255863,沖縄県,32534,7.86,255863,92124,207298,19.0,23,はい
691,20.0,26.0,234.6,1.0,5.7,0.78,北海道,290154,沖縄県,29110,9.97,290154,91013,207298,28.6,23,はい
692,20.0,26.0,234.6,1.0,5.7,0.85,北海道,274373,沖縄県,29110,9.43,274373,91013,207298,24.4,23,はい
693,20.0,26.0,234.6,1.0,5.7,0.95,北海道,255863,沖縄県,29110,8.79,255863,91013,207298,19.0,23,はい
694,20.0,26.0,234.6,1.15,4.3,0.78,北海道,252308,沖縄県,36291,6.95,252308,82707,180259,28.6,24,はい
695,20.0,26.0,234.6,1.15,4.3,0.85,北海道,238585,沖縄県,36291,6.57,238585,82707,180259,24.4,24,はい
696,20.0,26.0,234.6,1.15,4.3,0.95,北海道,222489,沖縄県,36291,6.13,222489,82707,180259,19.0,24,はい
697,20.0,26.0,234.6,1.15,5.0,0.78,北海道,252308,沖縄県,31599,7.98,252308,81188,180259,28.6,23,はい
698,20.0,26.0,234.6,1.15,5.0,0.85,北海道,238585,沖縄県,31599,7.55,238585,81188,180259,24.4,23,はい
699,20.0,26.0,234.6,1.15,5.0,0.95,北海道,222489,沖縄県,31599,7.04,222489,81188,180259,19.0,23,はい
700,20.0,26.0,234.6,1.15,5.7,0.78,北海道,252308,沖縄県,28174,8.96,252308,80076,180259,28.6,23,はい
701,20.0,26.0,234.6,1.15,5.7,0.85,北海道,238585,沖縄県,28174,8.47,238585,80076,180259,24.4,23,はい
702,20.0,26.0,234.6,1.15,5.7,0.95,北海道,222489,沖縄県,28174,7.9,222489,80076,180259,19.0,23,はい
703,20.0,26.0,270.0,0.85,4.3,0.78,北海道,392867,沖縄県,44300,8.87,392867,124801,280680,28.6,23,はい
704,20.0,26.0,270.0,0.85,4.3,0.85,北海道,371500,沖縄県,44300,8.39,371500,124801,280680,24.4,23,はい
705,20.0,26.0,270.0,0.85,4.3,0.95,北海道,346437,沖縄県,44300,7.82,346437,124801,280680,19.0,23,はい
706,20.0,26.0,270.0,0.85,5.0,0.78,北海道,392867,沖縄県,38900,10.1,392867,123053,280680,28.6,23,はい
707,20.0,26.0,270.0,0.85,5.0,0.85,北海道,371500,沖縄県,38900,9.55,371500,123053,280680,24.4,23,はい
708,20.0,26.0,270.0,0.85,5.0,0.95,北海道,346437,沖縄県,38900,8.91,346437,123053,280680,19.0,23,はい
709,20.0,26.0,270.0,0.85,5.7,0.78,北海道,392867,沖縄県,34958,11.24,392867,121774,280680,28.6,23,はい
710,20.0,26.0,270.0,0.85,5.7,0.85,北海道,371500,沖縄県,34958,10.63,371500,121774,280680,24.4,23,はい
711,20.0,26.0,270.0,0.85,5.7,0.95,北海道,346437,沖縄県,34958,9.91,346437,121774,280680,19.0,23,はい
712,20.0,26.0,270.0,1.0,4.3,0.78,北海道,333937,沖縄県,42843,7.79,333937,107773,238578,28.6,24,はい
713,20.0,26.0,270.0,1.0,4.3,0.85,北海道,315775,沖縄県,42843,7.37,315775,107773,238578,24.4,24,はい
714,20.0,26.0,270.0,1.0,4.3,0.95,北海道,294471,沖縄県,42843,6.87,294471,107773,238578,19.0,24,はい
715,20.0,26.0,270.0,1.0,5.0,0.78,北海道,333937,沖縄県,37443,8.92,333937,106025,238578,28.6,23,はい
716,20.0,26.0,270.0,1.0,5.0,0.85,北海道,315775,沖縄県,37443,8.43,315775,106025,238578,24.4,23,はい
717,20.0,26.0,270.0,1.0,5.0,0.95,北海道,294471,沖縄県,37443,7.86,294471,106025,238578,19.0,23,はい
718,20.0,26.0,270.0,1.0,5.7,0.78,北海道,333937,沖縄県,33502,9.97,333937,104746,238578,28.6,23,はい
719,20.0,26.0,270.0,1.0,5.7,0.85,北海道,315775,沖縄県,33502,9.43,315775,104746,238578,24.4,23,はい
720,20.0,26.0,270.0,1.0,5.7,0.95,北海道,294471,沖縄県,33502,8.79,294471,104746,238578,19.0,23,はい
721,20.0,26.0,270.0,1.15,4.3,0.78,北海道,290380,沖縄県,41767,6.95,290380,95187,207459,28.6,24,はい
722,20.0,26.0,270.0,1.15,4.3,0.85,北海道,274587,沖縄県,41767,6.57,274587,95187,207459,24.4,24,はい
723,20.0,26.0,270.0,1.15,4.3,0.95,北海道,256062,沖縄県,41767,6.13,256062,95187,207459,19.0,24,はい
724,20.0,26.0,270.0,1.15,5.0,0.78,北海道,290380,沖縄県,36367,7.98,290380,93438,207459,28.6,23,はい
725,20.0,26.0,270.0,1.15,5.0,0.85,北海道,274587,沖縄県,36367,7.55,274587,93438,207459,24.4,23,はい
726,20.0,26.0,270.0,1.15,5.0,0.95,北海道,256062,沖縄県,36367,7.04,256062,93438,207459,19.0,23,はい
727,20.0,26.0,270.0,1.15,5.7,0.78,北海道,290380,沖縄県,32426,8.96,290380,92160,207459,28.6,23,はい
728,20.0,26.0,270.0,1.15,5.7,0.85,北海道,274587,沖縄県,32426,8.47,274587,92160,207459,24.4,23,はい
729,20.0,26.0,270.0,1.15,5.7,0.95,北海道,256062,沖縄県,32426,7.9,256062,92160,207459,19.0,23,はい
